Name,Gender,Age,Study_Hours_per_Week,Attendance_Rate,Past_Exam_Scores,Assignment_Submission_Rate,Quiz_Average,Previous_Failures,Internet_Access,Parents_Support,Parental_Education,Family_Income,Sleep_Hours,Screen_Time,Stress_Level,Motivation_Level,Class_Participation,Extracurricular_Activities,School_Support,Travel_Time,Pass_Fail
Robert Anderson,Female,20,15,95.0%,85,98.0%,88,0,Yes,High,Bachelor's,Medium,7,3,Medium,High,High,2,High,30,Pass
David Gonzalez,Male,22,5,60.0%,55,50.0%,60,2,Yes,Low,High School,Low,5,6,High,Low,Low,0,Medium,60,Fail
Richard Rodriguez,Female,19,25,99.0%,92,100.0%,95,0,Yes,High,Master's,High,8,2,Low,High,High,3,High,15,Pass
Elizabeth Gonzalez,Male,21,12,85.0%,75,80.0%,78,0,Yes,Medium,Bachelor's,Medium,6,4,Medium,Medium,Medium,1,Medium,45,Pass
Robert Davis,Female,23,8,70.0%,65,65.0%,68,1,No,Low,High School,Low,6,5,High,Low,Low,0,Low,90,Fail
Susan Miller,Male,20,18,92.0%,82,90.0%,85,0,Yes,High,Bachelor's,High,7,3,Medium,High,Medium,2,High,20,Pass
Patricia Wilson,Female,21,30,100.0%,96,100.0%,98,0,Yes,High,PhD,High,8,1,Low,High,High,4,High,10,Pass
Robert Martinez,Male,19,6,65.0%,58,60.0%,62,1,Yes,Medium,High School,Medium,5,7,High,Low,Low,1,Medium,50,Fail
Linda Garcia,Female,22,14,88.0%,78,85.0%,80,0,Yes,Medium,Bachelor's,Medium,7,4,Medium,Medium,Medium,2,Medium,35,Pass
Barbara Davis,Male,24,10,75.0%,68,70.0%,72,1,Yes,Low,High School,Low,6,5,High,Medium,Low,0,Low,80,Fail
William Johnson,Female,20,22,96.0%,89,95.0%,91,0,Yes,High,Master's,High,7,2,Low,High,High,3,High,25,Pass
Barbara Anderson,Male,21,16,90.0%,80,88.0%,83,0,Yes,Medium,Bachelor's,Medium,7,3,Medium,High,Medium,1,Medium,40,Pass
John Miller,Female,19,7,68.0%,60,62.0%,65,2,No,Low,High School,Low,5,6,High,Low,Low,0,Low,100,Fail
Joseph Rodriguez,Male,23,20,94.0%,86,92.0%,89,0,Yes,High,Bachelor's,High,8,3,Low,High,High,2,High,20,Pass
Susan Wilson,Female,22,11,80.0%,72,75.0%,76,0,Yes,Medium,High School,Medium,6,4,Medium,Medium,Medium,1,Medium,55,Pass
Richard Miller,Female,22,8,95.00%,56,55.00%,58,3,No,Medium,Bachelor's,High,4,1,High,Medium,Medium,2,Medium,87,Fail
Richard Brown,Female,18,10,66.00%,79,69.00%,62,1,No,Medium,Bachelor's,High,9,3,High,High,Medium,4,Low,82,Fail
Joseph Brown,Female,25,5,86.00%,77,82.00%,76,0,No,High,PhD,Medium,9,8,Low,Medium,High,1,Low,115,Pass
John Martinez,Female,19,10,84.00%,99,72.00%,80,3,No,Medium,Bachelor's,Low,4,2,Medium,Low,High,4,High,61,Fail
Richard Lopez,Female,19,6,87.00%,88,60.00%,74,3,Yes,High,High School,Medium,8,4,Low,Medium,Low,3,Medium,15,Pass
David Hernandez,Male,21,6,50.00%,96,75.00%,81,2,No,High,PhD,High,7,3,Low,Medium,High,4,High,44,Fail
David Martinez,Male,21,12,75.00%,79,61.00%,65,0,Yes,Low,Bachelor's,Medium,8,4,High,Medium,Low,2,Medium,65,Pass
Robert Williams,Male,24,25,97.00%,55,74.00%,87,1,No,Low,High School,Medium,8,6,High,Low,Medium,4,Low,42,Fail
John Wilson,Female,18,7,54.00%,54,61.00%,77,1,Yes,Medium,PhD,High,8,2,Low,High,Medium,0,Medium,106,Fail
Susan Davis,Female,24,28,52.00%,76,68.00%,97,1,Yes,High,High School,Low,8,4,Medium,Medium,Low,4,Medium,38,Pass
Barbara Wilson,Male,25,10,71.00%,69,91.00%,93,0,No,Medium,Bachelor's,Medium,9,5,Medium,Low,Low,1,Low,108,Pass
Mary Martinez,Female,22,7,91.00%,60,60.00%,88,0,Yes,Low,Bachelor's,Low,9,5,Medium,High,Medium,4,Medium,48,Pass
Patricia Anderson,Female,18,13,85.00%,64,81.00%,90,2,No,High,High School,Low,6,4,Medium,Low,Low,1,Medium,16,Pass
James Gonzalez,Female,25,8,69.00%,90,93.00%,62,0,Yes,Medium,Bachelor's,Low,8,4,Medium,Low,High,5,Medium,69,Fail
Richard Garcia,Male,24,9,92.00%,58,68.00%,96,1,No,High,Master's,High,9,2,Low,Medium,Medium,2,Low,19,Fail
Michael Miller,Female,21,18,70.00%,95,57.00%,50,2,Yes,Medium,High School,Medium,6,4,Low,Medium,Low,3,Low,36,Fail
John Smith,Female,24,26,73.00%,63,89.00%,72,3,Yes,Low,Bachelor's,Low,8,1,Medium,High,Medium,1,High,42,Fail
Joseph Anderson,Male,25,15,63.00%,97,78.00%,84,3,Yes,Low,Bachelor's,Low,8,5,Medium,Low,Medium,3,Medium,60,Fail
Richard Miller,Female,20,12,72.00%,61,97.00%,73,1,Yes,High,Bachelor's,High,8,1,Medium,Medium,High,1,Medium,28,Pass
Michael Brown,Female,25,12,83.00%,99,97.00%,61,3,No,Low,Bachelor's,Medium,7,3,Medium,Medium,Medium,1,Medium,23,Pass
William Gonzalez,Male,20,18,92.00%,93,82.00%,65,2,No,High,Master's,Medium,6,4,Low,Medium,Medium,2,High,10,Fail
Linda Davis,Male,22,23,77.00%,51,54.00%,94,0,No,High,Master's,High,6,3,High,Medium,Low,5,Low,115,Fail
William Miller,Female,20,14,96.00%,98,92.00%,99,2,Yes,Medium,PhD,Low,9,6,Medium,Medium,High,0,Medium,113,Fail
Michael Martinez,Male,23,13,84.00%,97,92.00%,77,1,No,Medium,PhD,High,5,7,High,Medium,High,3,Low,78,Fail
William Rodriguez,Male,19,6,93.00%,53,91.00%,57,2,Yes,Medium,PhD,High,8,8,High,Medium,High,4,Low,68,Pass
Jennifer Wilson,Female,19,19,56.00%,93,54.00%,83,3,Yes,High,Master's,Medium,8,1,Low,Medium,Low,5,Low,48,Fail
Susan Smith,Female,21,26,69.00%,93,95.00%,64,0,No,High,Bachelor's,High,8,8,Medium,Medium,Low,3,Low,93,Pass
James Gonzalez,Male,23,8,70.00%,95,60.00%,70,1,No,Medium,PhD,Medium,7,7,High,Low,High,5,Medium,87,Fail
William Smith,Female,23,15,95.00%,61,84.00%,62,2,No,Medium,Bachelor's,High,7,5,Low,Low,High,2,Low,67,Fail
Linda Brown,Female,22,17,94.00%,67,96.00%,69,3,No,High,Master's,Medium,6,1,Low,Low,High,0,High,41,Fail
Barbara Rodriguez,Female,20,7,63.00%,56,94.00%,97,0,No,High,PhD,Medium,9,5,Medium,Medium,Low,1,High,84,Pass
James Gonzalez,Male,21,15,96.00%,86,69.00%,98,0,Yes,High,High School,Low,8,4,Low,Low,Low,4,High,100,Fail
Elizabeth Garcia,Male,21,22,54.00%,61,98.00%,58,3,Yes,Low,PhD,Low,7,4,High,Low,Medium,0,Medium,11,Pass
James Smith,Female,20,18,94.00%,59,83.00%,86,1,Yes,High,Bachelor's,High,5,1,Medium,High,Medium,1,Low,57,Pass
Elizabeth Davis,Female,21,21,88.00%,92,98.00%,67,0,Yes,High,Bachelor's,Low,9,6,High,Low,High,1,Low,64,Fail
Susan Anderson,Male,21,19,88.00%,77,50.00%,65,0,Yes,Low,High School,High,8,1,Medium,Medium,High,1,Medium,48,Pass
Michael Rodriguez,Male,18,13,68.00%,77,97.00%,66,1,Yes,Low,High School,Low,5,7,Low,Low,Medium,1,High,69,Fail
Joseph Rodriguez,Female,19,12,58.00%,81,77.00%,58,1,No,Medium,Master's,Medium,5,7,Low,Medium,High,5,High,101,Fail
Robert Miller,Female,25,18,50.00%,54,78.00%,77,2,No,High,PhD,Medium,8,5,Medium,High,High,2,Medium,25,Fail
Patricia Jones,Female,19,10,85.00%,92,65.00%,79,0,Yes,Low,Bachelor's,High,8,4,High,High,Medium,3,Low,15,Pass
Richard Martinez,Female,20,29,86.00%,88,60.00%,76,3,Yes,Medium,PhD,Medium,5,2,Medium,Low,Medium,0,Low,85,Fail
Linda Wilson,Female,24,17,96.00%,83,61.00%,81,2,Yes,Low,PhD,Low,4,5,Low,Low,High,0,Medium,71,Fail
Patricia Rodriguez,Female,22,8,79.00%,90,96.00%,75,3,Yes,Low,High School,High,4,3,High,Medium,Low,3,Medium,28,Pass
Robert Smith,Female,20,28,69.00%,90,80.00%,83,1,Yes,High,PhD,High,9,7,High,Low,Low,3,Low,20,Fail
James Jones,Female,19,10,69.00%,73,99.00%,50,0,Yes,Medium,PhD,High,9,4,Low,Medium,High,4,Low,118,Fail
Robert Rodriguez,Female,20,30,100.00%,85,67.00%,84,3,No,Low,PhD,High,5,3,Medium,Low,Low,0,High,118,Pass
Susan Davis,Female,19,10,65.00%,75,60.00%,86,3,No,High,Bachelor's,High,4,6,Medium,High,Medium,4,Low,32,Fail
Richard Williams,Male,18,23,91.00%,84,53.00%,83,1,Yes,Medium,Bachelor's,Low,8,7,Medium,Low,Medium,1,High,105,Fail
John Garcia,Female,22,14,94.00%,60,64.00%,58,1,Yes,Medium,PhD,Medium,9,6,Low,Medium,Medium,3,Low,83,Fail
William Rodriguez,Female,24,9,100.00%,52,58.00%,70,1,No,High,Master's,Low,7,3,High,High,Low,0,High,60,Pass
Richard Hernandez,Male,18,14,90.00%,98,100.00%,53,1,No,Medium,Master's,Low,7,3,High,High,High,0,High,35,Pass
Jennifer Williams,Male,19,16,59.00%,70,86.00%,96,0,No,High,PhD,High,4,2,Medium,High,High,2,Low,76,Fail
Patricia Garcia,Male,24,15,55.00%,68,88.00%,54,2,No,Medium,PhD,High,4,7,Medium,High,Low,2,Low,99,Fail
Robert Gonzalez,Male,23,16,89.00%,66,79.00%,87,2,Yes,Medium,Bachelor's,Medium,5,7,High,High,Low,2,Medium,15,Pass
Joseph Hernandez,Female,22,20,77.00%,61,86.00%,60,2,Yes,High,High School,High,4,2,High,Medium,Medium,5,Medium,45,Fail
Robert Gonzalez,Male,22,27,68.00%,84,82.00%,85,3,No,Medium,Master's,High,5,2,Low,High,Medium,4,Medium,96,Pass
Jennifer Davis,Female,20,9,87.00%,78,73.00%,100,0,Yes,Medium,PhD,Medium,6,6,High,Medium,High,4,Medium,67,Pass
Patricia Anderson,Female,21,28,83.00%,67,92.00%,98,2,No,Low,PhD,Low,5,1,High,High,Low,2,High,79,Fail
Mary Rodriguez,Male,18,15,83.00%,89,50.00%,56,2,No,High,Bachelor's,Low,6,5,Low,Medium,Low,2,Medium,110,Pass
David Wilson,Female,25,16,69.00%,93,82.00%,65,3,Yes,Medium,Bachelor's,High,5,7,Low,Medium,High,5,Low,119,Pass
Elizabeth Brown,Male,25,14,55.00%,50,53.00%,51,1,Yes,Low,Master's,Medium,7,7,Low,Medium,Medium,1,High,79,Fail
Richard Anderson,Female,21,12,91.00%,87,86.00%,96,2,Yes,Low,PhD,High,9,4,Low,Low,Medium,4,High,59,Fail
Joseph Smith,Male,25,15,86.00%,66,56.00%,95,2,Yes,Low,High School,High,6,4,Low,High,High,0,High,11,Fail
Susan Jones,Female,20,22,64.00%,65,81.00%,71,2,No,Low,High School,High,6,6,Medium,High,High,4,High,113,Pass
Linda Williams,Male,22,17,67.00%,68,68.00%,60,0,Yes,High,PhD,High,5,4,Low,High,Low,0,High,93,Fail
Patricia Rodriguez,Male,19,18,50.00%,82,96.00%,72,2,No,Medium,Bachelor's,Low,4,7,High,Medium,Medium,1,Medium,118,Fail
Robert Lopez,Male,18,19,95.00%,82,66.00%,63,0,No,Medium,PhD,Medium,6,6,Low,High,Low,3,Low,103,Fail
Elizabeth Davis,Female,20,26,71.00%,80,85.00%,51,0,No,Medium,High School,Medium,9,4,Low,Medium,Medium,3,Medium,26,Fail
Jennifer Hernandez,Male,18,6,77.00%,88,68.00%,51,1,No,Medium,Master's,Medium,4,5,Low,Medium,High,1,Low,26,Fail
Joseph Wilson,Male,24,24,77.00%,57,83.00%,90,3,No,Medium,Bachelor's,Medium,6,7,Medium,Medium,High,1,High,95,Fail
Patricia Gonzalez,Male,25,16,84.00%,86,79.00%,93,0,No,Low,PhD,Low,6,7,Medium,Medium,Low,0,High,31,Pass
Mary Garcia,Female,22,6,69.00%,96,55.00%,74,1,Yes,High,Bachelor's,Low,4,5,Medium,High,Medium,2,Medium,118,Fail
Richard Smith,Female,25,13,79.00%,57,55.00%,61,1,Yes,Low,Master's,High,7,6,High,Medium,High,4,Low,81,Fail
James Lopez,Male,23,15,74.00%,63,59.00%,61,3,No,High,Master's,Low,5,3,High,Low,Low,2,Medium,90,Pass
Michael Smith,Male,22,19,64.00%,91,80.00%,68,2,No,Low,Bachelor's,Medium,8,5,Low,High,High,4,Low,66,Pass
Jennifer Johnson,Female,21,14,51.00%,65,53.00%,70,3,No,Low,Master's,High,7,3,Low,High,Medium,5,Low,49,Fail
Richard Garcia,Male,18,5,80.00%,94,90.00%,96,3,No,Low,Master's,High,9,1,Low,Low,Medium,3,Low,28,Pass
James Gonzalez,Male,23,23,90.00%,53,81.00%,86,0,Yes,Low,Bachelor's,Medium,8,3,Medium,High,Medium,3,Low,53,Pass
Robert Jones,Female,22,18,64.00%,89,53.00%,53,0,Yes,High,High School,High,9,4,Low,Medium,Medium,2,Low,23,Pass
Linda Lopez,Female,19,6,84.00%,83,93.00%,52,0,No,High,High School,Medium,9,7,Low,High,Medium,0,Medium,96,Fail
Joseph Wilson,Female,23,23,97.00%,58,93.00%,94,3,No,Low,High School,Low,8,4,Low,Low,Medium,0,Medium,81,Pass
James Johnson,Female,21,9,73.00%,63,78.00%,69,1,No,Low,High School,Medium,6,3,Medium,Low,Low,4,Medium,53,Pass
John Williams,Male,19,11,82.00%,52,69.00%,90,0,Yes,Medium,PhD,High,9,3,High,Low,Medium,4,Low,16,Fail
Linda Jones,Female,22,8,51.00%,95,60.00%,88,0,Yes,Low,PhD,High,8,1,Medium,High,Medium,2,High,53,Pass
Mary Smith,Female,25,17,60.00%,92,66.00%,59,1,No,High,PhD,Medium,5,1,Low,Medium,Medium,5,High,10,Fail
William Hernandez,Male,23,11,93.00%,89,81.00%,69,2,Yes,Medium,Bachelor's,High,5,6,High,Low,Medium,3,Low,54,Pass
William Miller,Female,21,9,76.00%,54,96.00%,76,1,Yes,High,PhD,Low,7,6,High,Low,High,4,Low,39,Fail
Joseph Martinez,Male,24,13,59.00%,80,71.00%,80,1,No,High,PhD,Medium,4,3,Medium,High,Low,2,High,62,Pass
Richard Garcia,Male,22,19,59.00%,95,78.00%,90,1,No,Medium,High School,Low,6,8,High,High,Low,0,High,99,Fail
Joseph Davis,Male,22,16,80.00%,55,64.00%,98,0,Yes,Low,Bachelor's,Low,8,5,Low,Low,High,1,High,94,Pass
Joseph Williams,Female,18,17,95.00%,88,97.00%,91,3,Yes,High,PhD,High,7,2,Medium,High,Low,2,High,40,Fail
John Wilson,Female,22,19,93.00%,65,57.00%,99,3,Yes,Medium,Master's,Low,6,6,Low,Medium,Low,3,Medium,57,Fail
Richard Lopez,Female,22,14,95.00%,74,71.00%,88,3,Yes,Low,Master's,Medium,5,6,Medium,High,Low,3,Medium,53,Fail
Robert Martinez,Female,25,23,85.00%,89,94.00%,81,2,No,Low,Master's,Low,4,5,Medium,High,Medium,0,Low,27,Pass
Jennifer Martinez,Male,19,15,56.00%,85,94.00%,83,1,No,Low,Bachelor's,High,7,5,Medium,Medium,High,1,Medium,61,Fail
Patricia Williams,Male,24,18,91.00%,91,81.00%,90,1,Yes,High,Master's,Low,8,8,Medium,Low,Low,3,Medium,14,Pass
David Gonzalez,Male,21,25,57.00%,51,79.00%,83,3,Yes,Medium,Bachelor's,High,6,1,Low,Medium,High,0,Medium,14,Pass
David Miller,Male,21,16,61.00%,78,59.00%,76,0,Yes,Low,PhD,High,4,3,Low,High,Medium,2,High,54,Pass
Michael Hernandez,Female,25,5,64.00%,77,95.00%,68,0,Yes,Low,PhD,Medium,4,5,Low,High,Low,4,Medium,108,Pass
Susan Rodriguez,Male,21,20,89.00%,55,70.00%,50,2,Yes,Low,PhD,High,6,7,Medium,High,Medium,3,High,36,Pass
Richard Anderson,Male,25,7,72.00%,77,60.00%,67,0,Yes,Low,High School,High,7,5,Medium,Low,High,3,Low,48,Fail
Barbara Jones,Female,20,12,76.00%,65,76.00%,91,0,Yes,High,Master's,Low,4,6,Medium,High,High,3,Low,105,Pass
Joseph Wilson,Male,21,25,66.00%,85,57.00%,70,2,Yes,High,PhD,Low,8,2,High,High,Medium,1,Medium,25,Fail
Linda Johnson,Male,22,28,50.00%,71,52.00%,65,3,Yes,Medium,Master's,Medium,4,1,High,Low,High,5,High,66,Fail
Elizabeth Brown,Female,19,28,91.00%,92,60.00%,97,1,No,High,High School,High,8,2,High,Low,Low,3,High,36,Fail
Linda Hernandez,Female,21,8,69.00%,88,89.00%,92,3,No,Medium,PhD,Medium,5,6,Medium,Medium,Medium,4,High,106,Fail
James Davis,Male,18,15,50.00%,65,87.00%,56,1,No,Medium,Master's,Medium,5,7,Low,Medium,Low,2,Low,53,Pass
Susan Brown,Female,24,12,53.00%,94,69.00%,66,0,Yes,Low,Bachelor's,High,6,6,Low,Medium,Low,1,Low,95,Fail
David Hernandez,Male,22,24,90.00%,89,68.00%,76,3,No,High,Master's,High,4,8,Medium,High,Medium,3,High,68,Pass
John Williams,Male,24,10,76.00%,61,69.00%,57,0,No,Medium,Master's,Low,8,6,Medium,Medium,Low,1,High,87,Pass
Patricia Miller,Male,21,25,88.00%,74,86.00%,51,1,Yes,High,PhD,Low,7,7,High,Low,Low,1,Medium,56,Fail
Mary Miller,Female,22,16,51.00%,74,100.00%,84,2,Yes,Low,Master's,Low,6,5,Medium,Medium,Low,2,High,41,Fail
Barbara Wilson,Female,22,15,61.00%,95,76.00%,90,3,No,Low,Bachelor's,Low,5,8,Low,Medium,High,2,Medium,48,Fail
Robert Martinez,Female,21,19,68.00%,61,95.00%,83,1,No,Low,PhD,Medium,6,6,Low,Medium,High,1,Medium,103,Pass
Barbara Gonzalez,Male,22,30,53.00%,85,53.00%,51,3,No,High,PhD,Low,9,4,Low,High,Medium,3,Medium,13,Fail
Susan Wilson,Male,19,20,52.00%,80,76.00%,73,0,No,Low,High School,Medium,4,2,Medium,Medium,High,1,High,115,Fail
Jennifer Miller,Male,23,28,62.00%,92,62.00%,94,0,Yes,Low,Bachelor's,Low,4,5,High,Low,Medium,1,Medium,14,Pass
David Gonzalez,Female,22,8,74.00%,92,84.00%,74,0,No,Low,High School,Low,5,4,Low,High,Low,1,High,72,Fail
Robert Rodriguez,Male,20,16,77.00%,72,50.00%,84,3,Yes,Low,Master's,High,8,8,Medium,High,Low,2,Medium,53,Fail
Richard Jones,Male,23,9,61.00%,63,77.00%,96,3,No,Medium,PhD,Medium,7,7,Low,Low,Low,3,Medium,44,Fail
Robert Jones,Female,24,7,63.00%,98,59.00%,68,3,No,Low,PhD,Medium,8,7,High,High,Medium,2,High,26,Pass
Jennifer Hernandez,Female,21,19,77.00%,57,59.00%,74,1,No,High,PhD,Low,7,5,High,High,High,2,Low,92,Fail
Mary Davis,Male,25,16,85.00%,54,58.00%,67,1,Yes,Medium,PhD,Medium,8,3,Medium,High,Low,0,Low,93,Pass
James Hernandez,Male,23,29,76.00%,69,67.00%,62,2,Yes,High,High School,High,6,7,High,Medium,Low,1,High,30,Pass
Patricia Wilson,Female,20,11,88.00%,81,90.00%,83,1,No,High,High School,Low,6,1,Medium,High,Low,0,High,95,Pass
Patricia Davis,Male,20,13,89.00%,81,58.00%,71,0,No,Low,Master's,Medium,4,8,High,Medium,High,2,Low,70,Pass
David Brown,Male,25,22,68.00%,84,77.00%,57,1,Yes,Medium,Bachelor's,High,4,1,Low,High,High,0,Low,15,Pass
Barbara Anderson,Female,18,20,87.00%,77,94.00%,53,3,Yes,High,High School,Low,7,5,Medium,Medium,Low,1,High,19,Pass
William Johnson,Male,21,21,73.00%,55,86.00%,57,2,No,Medium,Master's,Low,6,8,Medium,High,High,4,Low,42,Fail
Elizabeth Brown,Female,19,13,96.00%,60,79.00%,85,3,Yes,Medium,High School,Low,6,5,Medium,High,Low,1,Low,72,Fail
Jennifer Garcia,Male,21,12,51.00%,86,75.00%,91,1,No,Low,PhD,Low,9,3,Medium,High,Medium,3,Medium,29,Pass
Elizabeth Anderson,Male,22,21,87.00%,88,71.00%,94,2,Yes,Medium,High School,Low,4,3,Low,High,Medium,4,Medium,29,Pass
Susan Williams,Male,23,17,62.00%,73,62.00%,52,3,No,Medium,Master's,High,7,5,High,Medium,Low,1,Medium,83,Pass
Robert Williams,Female,24,10,88.00%,74,94.00%,64,2,No,Low,Bachelor's,Low,8,5,Medium,High,Medium,3,High,56,Fail
Barbara Rodriguez,Female,25,14,78.00%,54,51.00%,83,2,No,Low,PhD,Low,8,8,Medium,Medium,High,3,High,50,Fail
Barbara Martinez,Female,23,11,62.00%,82,67.00%,69,3,Yes,Low,PhD,Low,5,4,Low,Low,High,2,Medium,89,Fail
James Rodriguez,Female,20,26,77.00%,90,88.00%,78,3,No,High,High School,High,5,3,High,Medium,Low,3,High,86,Pass
Linda Wilson,Female,22,14,55.00%,92,74.00%,87,0,No,Low,Bachelor's,High,7,1,Low,Low,Low,0,Low,22,Pass
John Davis,Female,20,6,86.00%,78,91.00%,98,1,Yes,High,High School,Low,7,4,Low,High,Medium,2,High,109,Fail
Robert Garcia,Male,19,11,78.00%,98,97.00%,67,3,Yes,Low,High School,Low,7,3,Medium,Low,Low,1,Medium,102,Fail
David Anderson,Female,21,20,96.00%,97,94.00%,99,0,No,High,PhD,High,7,2,Medium,Low,High,0,Low,69,Pass
Elizabeth Rodriguez,Male,24,23,78.00%,76,61.00%,79,2,No,Medium,High School,High,7,4,Low,Medium,Medium,5,Low,16,Pass
Patricia Anderson,Male,22,25,50.00%,54,78.00%,69,0,No,High,Master's,Low,9,3,High,Medium,Medium,1,Low,88,Pass
Joseph Williams,Male,18,14,98.00%,79,60.00%,75,3,Yes,Low,Master's,High,7,4,Medium,Medium,High,5,High,61,Fail
Joseph Gonzalez,Female,18,17,52.00%,56,51.00%,93,1,Yes,Medium,High School,Low,6,6,High,Medium,Low,1,High,63,Fail
Susan Martinez,Male,18,25,60.00%,79,75.00%,60,1,No,Low,High School,High,5,2,Low,Medium,Medium,2,Low,87,Pass
Jennifer Brown,Female,19,22,79.00%,95,67.00%,55,2,Yes,High,PhD,Medium,9,8,Medium,Low,High,5,Low,89,Fail
James Gonzalez,Female,20,10,50.00%,90,99.00%,53,2,No,High,Bachelor's,Low,8,4,High,Low,Low,5,Low,55,Fail
Susan Martinez,Female,25,11,55.00%,77,56.00%,93,1,No,Medium,Bachelor's,Low,4,4,High,High,High,3,Medium,44,Fail
Mary Williams,Female,24,15,91.00%,61,89.00%,67,3,No,Low,High School,High,8,4,Medium,Low,High,5,Medium,60,Pass
James Gonzalez,Female,24,21,65.00%,72,61.00%,93,2,Yes,Low,PhD,High,5,8,Low,High,Medium,2,Medium,75,Fail
David Hernandez,Female,21,8,86.00%,78,85.00%,87,0,No,High,Master's,Low,6,2,High,Medium,Low,0,Medium,72,Pass
William Davis,Female,19,17,93.00%,74,69.00%,94,0,Yes,Medium,Master's,Low,5,4,High,Low,Low,2,Low,19,Fail
Patricia Garcia,Female,19,5,87.00%,63,90.00%,78,2,No,High,PhD,High,9,6,Low,Low,Medium,1,High,12,Fail
Joseph Davis,Female,21,29,88.00%,51,54.00%,94,0,No,Medium,Bachelor's,High,6,8,High,High,Low,5,High,73,Fail
Patricia Anderson,Male,18,29,59.00%,85,54.00%,87,1,Yes,Low,High School,High,6,1,High,Medium,Medium,2,Medium,36,Pass
Mary Martinez,Female,19,24,54.00%,50,96.00%,93,0,Yes,Low,PhD,High,4,2,High,High,Medium,4,Low,106,Fail
Barbara Lopez,Male,21,14,52.00%,67,66.00%,87,3,No,High,PhD,Medium,4,4,Medium,Medium,Low,0,Low,75,Fail
Elizabeth Anderson,Male,20,14,100.00%,66,76.00%,93,0,Yes,Low,Bachelor's,High,6,3,High,Medium,Low,4,Medium,45,Fail
Susan Jones,Female,22,22,58.00%,66,74.00%,87,0,No,High,PhD,High,8,3,High,Low,Medium,5,Low,36,Fail
John Rodriguez,Female,19,5,78.00%,86,90.00%,58,2,Yes,High,Master's,Low,6,4,High,High,High,0,Low,26,Pass
Michael Wilson,Female,21,12,52.00%,81,64.00%,71,0,No,Low,Bachelor's,Low,7,1,High,Low,Low,3,Medium,119,Fail
James Anderson,Male,25,21,77.00%,65,58.00%,66,1,No,Low,Master's,High,4,6,High,Medium,High,1,High,43,Fail
Jennifer Johnson,Female,22,11,96.00%,63,90.00%,96,2,No,Medium,Bachelor's,Low,8,3,Medium,Medium,Medium,1,Medium,75,Fail
Robert Williams,Male,23,15,98.00%,88,97.00%,74,0,Yes,High,High School,Medium,9,7,Low,Medium,High,4,High,97,Fail
William Anderson,Male,22,7,67.00%,64,72.00%,63,0,No,Medium,High School,Medium,6,1,Medium,High,Medium,3,High,79,Fail
Elizabeth Jones,Male,24,12,77.00%,65,87.00%,66,0,No,Medium,PhD,High,5,8,Low,High,Medium,0,Medium,27,Fail
Barbara Rodriguez,Male,23,14,61.00%,77,92.00%,86,0,Yes,High,Master's,High,8,4,Low,High,High,2,High,29,Fail
John Johnson,Female,25,26,92.00%,54,66.00%,53,2,No,High,High School,Low,6,7,High,Low,Low,4,Low,41,Fail
Jennifer Wilson,Male,23,17,78.00%,95,83.00%,80,0,No,Low,Master's,High,4,6,Medium,Medium,Medium,3,Low,45,Pass
William Lopez,Female,18,23,67.00%,68,87.00%,91,3,Yes,High,High School,Low,9,1,Medium,Medium,Medium,5,High,61,Fail
James Brown,Male,18,7,98.00%,91,87.00%,82,2,No,High,High School,Medium,4,3,Low,Low,Low,1,Medium,74,Fail
Robert Smith,Female,19,10,80.00%,84,61.00%,90,3,No,Low,High School,Low,8,3,Medium,Low,Medium,0,Medium,82,Pass
William Jones,Female,20,16,94.00%,75,80.00%,95,3,No,Low,High School,High,7,2,Medium,Medium,Medium,0,High,116,Pass
Michael Williams,Male,22,8,97.00%,55,87.00%,57,1,Yes,Low,PhD,Low,9,7,Medium,Medium,Medium,2,Low,119,Pass
Elizabeth Brown,Male,21,17,58.00%,53,99.00%,63,3,Yes,Low,PhD,Medium,4,2,Low,Low,Low,4,Medium,105,Pass
Jennifer Davis,Female,19,15,94.00%,94,71.00%,94,0,No,Low,Master's,Medium,6,6,Medium,Low,Medium,4,High,109,Pass
Robert Lopez,Male,25,19,83.00%,88,76.00%,82,1,No,High,Master's,Low,9,3,Medium,High,High,4,Medium,75,Fail
Elizabeth Wilson,Female,19,26,53.00%,79,50.00%,64,1,No,Medium,PhD,Medium,6,3,Medium,Low,Low,5,Medium,106,Pass
William Hernandez,Male,18,20,93.00%,98,96.00%,53,1,No,Low,High School,High,8,7,High,High,High,0,Low,30,Pass
John Gonzalez,Male,21,6,53.00%,78,74.00%,64,3,Yes,High,High School,Medium,5,3,High,Low,Medium,5,Low,104,Pass
Richard Rodriguez,Female,18,26,62.00%,61,56.00%,89,1,No,High,PhD,Low,9,3,High,Low,Medium,2,Medium,27,Pass
James Davis,Female,19,11,51.00%,65,91.00%,51,1,Yes,Low,Master's,Low,4,2,High,Medium,Medium,4,Medium,79,Fail
William Garcia,Female,20,24,69.00%,88,69.00%,64,1,No,Low,PhD,Low,5,1,Medium,Low,High,1,Medium,77,Fail
William Gonzalez,Female,21,23,66.00%,65,53.00%,95,0,Yes,Low,Bachelor's,High,6,4,Low,Medium,Medium,1,Medium,90,Fail
Michael Anderson,Male,22,9,70.00%,54,65.00%,60,2,Yes,Low,PhD,Low,4,5,High,High,High,2,High,104,Pass
John Williams,Female,24,29,98.00%,91,76.00%,87,1,No,Medium,Bachelor's,Low,5,2,High,Low,High,1,Medium,74,Fail
Elizabeth Smith,Female,24,28,56.00%,73,59.00%,59,1,No,Low,Master's,Low,5,1,High,Low,Medium,4,High,90,Pass
Joseph Miller,Male,24,8,56.00%,79,85.00%,60,2,Yes,High,Bachelor's,Low,9,5,High,Low,Medium,5,Low,111,Pass
Joseph Lopez,Male,22,5,89.00%,86,68.00%,67,2,Yes,Medium,Bachelor's,Medium,7,1,Medium,High,Medium,3,High,104,Pass
Joseph Anderson,Female,18,20,63.00%,99,100.00%,55,1,Yes,Medium,Master's,High,4,8,Medium,Low,High,4,Medium,46,Fail
Richard Smith,Male,18,28,66.00%,51,62.00%,89,0,Yes,Medium,High School,High,8,1,Medium,Low,High,3,Low,25,Pass
Linda Johnson,Female,19,21,97.00%,61,91.00%,97,2,Yes,Medium,Master's,Medium,4,5,High,High,High,4,Medium,78,Fail
William Anderson,Male,24,10,58.00%,90,92.00%,95,3,Yes,Low,PhD,Medium,9,3,Low,Medium,Low,3,Medium,107,Pass
Michael Wilson,Female,25,28,98.00%,52,56.00%,90,3,No,High,PhD,Medium,7,5,High,Medium,High,1,Medium,63,Pass
James Garcia,Female,20,28,82.00%,88,89.00%,92,1,Yes,Low,Bachelor's,High,9,8,High,Low,High,4,Medium,51,Fail
Jennifer Davis,Female,21,27,87.00%,87,62.00%,63,1,No,Low,Bachelor's,High,6,7,Low,Medium,High,1,Low,102,Pass
Elizabeth Martinez,Female,20,15,59.00%,79,56.00%,51,3,Yes,Medium,PhD,Medium,8,5,High,High,Low,3,Low,15,Pass
Michael Smith,Male,18,8,62.00%,73,76.00%,69,3,Yes,Low,Master's,High,7,6,High,Low,High,5,Medium,118,Pass
Joseph Miller,Male,23,24,70.00%,75,53.00%,63,2,No,High,High School,Low,8,5,Low,High,Medium,4,Low,11,Pass
Linda Wilson,Female,25,24,57.00%,83,60.00%,50,3,No,High,PhD,Medium,4,6,Low,Medium,Medium,0,Low,90,Fail
Mary Davis,Male,19,23,89.00%,84,76.00%,55,3,Yes,Low,High School,Medium,4,4,Medium,Medium,Medium,4,Medium,119,Pass
Michael Johnson,Male,20,8,82.00%,80,56.00%,92,0,Yes,Low,PhD,High,9,7,Medium,High,High,1,Low,92,Pass
John Hernandez,Male,19,30,94.00%,74,93.00%,80,3,Yes,High,High School,Low,4,2,High,Low,Low,0,Medium,80,Fail
John Hernandez,Male,21,25,82.00%,62,62.00%,76,2,No,High,PhD,Low,5,1,Medium,Medium,High,2,Low,113,Fail
Michael Garcia,Female,20,6,61.00%,53,76.00%,97,0,No,High,PhD,High,4,2,Low,Medium,High,0,High,67,Pass
Michael Wilson,Female,18,15,67.00%,78,70.00%,76,2,Yes,Medium,High School,High,8,3,Medium,Medium,Medium,0,Medium,27,Pass
Linda Brown,Female,22,7,87.00%,84,66.00%,62,1,Yes,Low,Bachelor's,High,8,3,High,Low,Medium,3,Medium,51,Fail
John Jones,Female,19,12,92.00%,60,88.00%,97,0,Yes,Low,PhD,High,5,6,High,High,High,4,Low,49,Pass
Susan Gonzalez,Male,20,10,56.00%,92,85.00%,97,3,Yes,High,Bachelor's,Low,4,8,High,High,Medium,4,High,85,Pass
Richard Garcia,Female,25,23,91.00%,91,98.00%,52,2,Yes,Low,Master's,Medium,9,4,High,Medium,High,5,Medium,81,Pass
Michael Brown,Female,18,24,79.00%,84,50.00%,82,1,Yes,High,PhD,Low,5,1,High,Medium,High,5,Medium,93,Pass
William Davis,Female,23,8,74.00%,54,60.00%,60,0,No,High,Bachelor's,Low,5,6,Medium,Low,Low,2,Low,38,Fail
Susan Wilson,Male,21,30,67.00%,66,94.00%,51,0,Yes,Medium,High School,High,6,3,High,High,Medium,5,High,24,Pass
Susan Smith,Female,20,12,60.00%,78,91.00%,88,2,No,High,PhD,Low,6,3,Low,Medium,Medium,2,Medium,14,Pass
Mary Anderson,Male,25,11,50.00%,91,75.00%,94,3,Yes,High,PhD,High,9,2,Low,High,Medium,1,Low,85,Fail
Richard Lopez,Male,25,11,80.00%,91,56.00%,89,0,Yes,High,PhD,High,8,2,Medium,High,Low,0,Medium,105,Fail
William Williams,Male,19,22,100.00%,71,77.00%,82,0,Yes,Low,High School,High,7,6,High,Low,High,3,Medium,94,Pass
Michael Miller,Female,20,30,95.00%,81,72.00%,68,2,Yes,Medium,PhD,Medium,8,1,High,High,Medium,1,Medium,95,Fail
William Hernandez,Male,24,5,72.00%,100,68.00%,52,1,Yes,High,High School,Medium,9,5,Medium,High,Low,5,Low,69,Fail
William Anderson,Male,22,9,100.00%,72,100.00%,79,3,Yes,Low,High School,Medium,7,7,Low,Medium,High,0,High,65,Fail
Richard Johnson,Male,23,14,67.00%,50,58.00%,93,3,Yes,Low,High School,High,6,4,High,Medium,Low,4,High,52,Pass
Michael Anderson,Male,23,10,50.00%,69,92.00%,76,3,No,Medium,PhD,Low,9,1,Medium,Low,Medium,2,High,100,Fail
Robert Lopez,Male,22,23,96.00%,52,57.00%,96,2,Yes,High,PhD,Low,4,7,Low,Medium,Medium,2,High,60,Pass
Jennifer Smith,Female,21,21,82.00%,81,59.00%,70,0,Yes,High,High School,High,4,8,Low,Low,High,1,Medium,60,Fail
Elizabeth Wilson,Male,23,24,76.00%,72,76.00%,83,2,No,Low,PhD,Medium,9,8,Low,Medium,Medium,2,Medium,71,Fail
Susan Jones,Female,23,25,89.00%,60,91.00%,59,0,Yes,Medium,PhD,High,8,3,High,Medium,High,2,Low,57,Fail
Robert Rodriguez,Female,21,8,60.00%,87,87.00%,83,1,No,Medium,Master's,High,9,4,Low,High,Low,0,Low,20,Pass
Michael Johnson,Female,20,12,61.00%,78,85.00%,62,3,No,Medium,Bachelor's,High,5,5,Low,Medium,Medium,0,Low,111,Fail
Barbara Gonzalez,Female,18,25,82.00%,86,64.00%,93,2,No,High,Master's,Medium,6,2,Medium,Medium,Medium,4,High,49,Fail
William Gonzalez,Female,21,18,86.00%,66,79.00%,68,0,No,High,PhD,High,5,3,Medium,Low,Medium,3,Low,119,Fail
William Wilson,Female,20,20,94.00%,61,73.00%,73,3,Yes,Medium,High School,Medium,4,8,High,Medium,High,5,Low,40,Fail
Joseph Anderson,Male,23,30,95.00%,78,59.00%,79,1,Yes,Medium,PhD,Medium,9,8,High,Medium,High,5,Low,116,Fail
Richard Miller,Female,21,11,52.00%,55,74.00%,81,1,Yes,High,Bachelor's,Low,4,4,Medium,High,Low,4,Medium,51,Pass
William Anderson,Male,22,18,57.00%,92,84.00%,56,1,Yes,High,Bachelor's,Medium,5,4,Low,Low,Medium,2,Medium,95,Pass
Patricia Lopez,Male,25,17,67.00%,88,51.00%,59,2,Yes,Medium,Master's,High,7,5,Low,High,High,5,Low,53,Fail
Mary Jones,Female,24,22,92.00%,60,53.00%,72,0,No,Low,PhD,Low,7,5,Low,Medium,High,1,Low,107,Fail
Elizabeth Wilson,Female,18,25,82.00%,58,97.00%,72,1,Yes,Medium,Bachelor's,Medium,4,6,High,High,Low,2,Low,11,Pass
Michael Lopez,Female,18,16,87.00%,71,72.00%,100,2,Yes,High,Master's,Low,9,2,Low,Low,Medium,1,High,108,Fail
Mary Hernandez,Female,22,5,58.00%,99,91.00%,100,0,Yes,High,High School,Low,4,6,High,Low,Low,2,Medium,52,Fail
Richard Garcia,Male,20,10,88.00%,57,62.00%,59,1,Yes,Low,Master's,Medium,9,4,Medium,Medium,Medium,0,Medium,71,Pass
James Brown,Male,21,11,83.00%,88,79.00%,82,1,Yes,High,PhD,Medium,8,3,Low,High,Low,0,Medium,70,Fail
James Wilson,Male,22,11,96.00%,65,90.00%,81,1,Yes,High,Bachelor's,Medium,9,4,Medium,High,High,5,High,18,Pass
John Hernandez,Female,18,26,98.00%,63,80.00%,58,3,No,Low,Master's,Medium,8,8,Low,High,Medium,0,Medium,86,Pass
Robert Gonzalez,Female,22,24,98.00%,62,64.00%,56,3,No,High,High School,Low,6,1,High,Low,Low,4,Low,105,Pass
Susan Jones,Female,19,6,59.00%,53,54.00%,52,3,Yes,Low,High School,Low,9,4,Low,Low,Low,0,Medium,69,Fail
William Anderson,Female,18,9,83.00%,72,90.00%,98,2,No,High,Master's,Medium,7,2,Low,High,Medium,5,High,41,Pass
Mary Jones,Male,18,30,66.00%,97,56.00%,51,1,Yes,High,High School,Low,4,1,High,Medium,Medium,2,High,95,Fail
Robert Smith,Female,20,10,63.00%,89,87.00%,50,0,No,High,High School,Low,6,7,Low,Low,High,3,Low,39,Fail
David Wilson,Female,20,9,94.00%,81,93.00%,84,3,No,High,High School,Medium,7,1,Low,Low,High,2,Medium,49,Fail
Robert Wilson,Male,19,24,72.00%,95,58.00%,88,2,No,Low,Bachelor's,High,4,5,Medium,High,Low,4,Medium,20,Pass
Jennifer Smith,Male,24,30,91.00%,70,79.00%,66,0,No,Low,High School,Medium,9,1,Low,High,High,0,Low,32,Pass
Mary Anderson,Male,23,9,56.00%,56,77.00%,61,1,Yes,Low,PhD,Low,4,7,Low,Low,Medium,3,High,15,Fail
Michael Smith,Male,20,11,62.00%,60,68.00%,61,2,No,High,Master's,Low,6,4,Medium,Medium,Medium,2,Low,113,Fail
Joseph Brown,Female,22,23,55.00%,92,90.00%,90,0,Yes,High,Bachelor's,Low,6,1,Medium,Low,Low,0,Low,80,Pass
Patricia Gonzalez,Male,20,20,87.00%,62,97.00%,56,1,Yes,Low,PhD,Medium,7,7,Low,Low,High,1,Medium,82,Pass
Barbara Rodriguez,Male,19,19,93.00%,51,71.00%,83,0,No,Low,Bachelor's,Medium,6,7,Medium,Medium,High,0,Medium,105,Pass
William Garcia,Male,21,17,83.00%,83,59.00%,63,2,Yes,Low,Bachelor's,Medium,6,6,Low,High,High,2,Medium,114,Fail
Mary Smith,Female,24,9,53.00%,84,65.00%,84,1,Yes,Medium,Bachelor's,High,8,1,Low,Medium,Medium,4,Low,58,Pass
Michael Gonzalez,Female,22,21,73.00%,99,60.00%,94,2,Yes,Low,Master's,Medium,4,4,High,Low,Low,4,High,84,Fail
William Brown,Male,19,16,65.00%,57,85.00%,91,0,Yes,Low,Master's,Low,6,1,Low,High,High,0,Medium,114,Pass
Mary Williams,Female,23,11,66.00%,98,76.00%,87,2,No,High,Master's,Low,9,3,Medium,Low,Low,0,High,48,Fail
David Martinez,Female,19,26,91.00%,64,85.00%,97,2,No,High,Bachelor's,Medium,8,6,Medium,Medium,High,3,Medium,93,Pass
Michael Jones,Male,24,18,87.00%,93,90.00%,53,1,No,Medium,Bachelor's,Low,7,7,High,High,Medium,1,Medium,63,Fail
Susan Smith,Male,23,17,60.00%,60,75.00%,79,3,No,High,PhD,Medium,7,2,Low,High,Medium,0,Low,14,Fail
James Garcia,Male,23,28,56.00%,73,83.00%,66,3,No,High,Master's,Medium,9,2,Medium,High,Medium,1,Low,117,Fail
Robert Rodriguez,Male,20,26,79.00%,66,95.00%,85,0,No,High,PhD,Low,4,3,Low,High,Medium,4,Low,56,Fail
Robert Brown,Female,19,8,50.00%,77,77.00%,62,3,No,High,Bachelor's,Medium,4,4,Medium,Medium,High,1,High,70,Fail
Linda Hernandez,Male,18,5,97.00%,68,84.00%,81,1,Yes,Medium,Master's,Medium,4,1,Medium,Low,Low,0,High,71,Pass
Patricia Brown,Male,25,10,99.00%,71,56.00%,61,3,No,High,High School,Low,8,1,High,Medium,Low,5,Low,95,Pass
Robert Hernandez,Male,25,5,60.00%,82,56.00%,88,2,No,High,Bachelor's,Medium,7,3,Medium,High,Medium,0,Low,85,Pass
Joseph Smith,Female,18,23,77.00%,94,95.00%,80,1,Yes,High,PhD,Medium,5,2,Medium,Medium,Medium,2,Low,26,Fail
Linda Jones,Male,21,6,65.00%,94,72.00%,90,3,Yes,High,PhD,Medium,9,2,Low,Medium,Low,4,Medium,52,Pass
Susan Brown,Male,22,7,97.00%,91,90.00%,52,1,Yes,Medium,Master's,High,7,8,Low,Medium,High,4,Low,62,Pass
Michael Brown,Female,24,30,91.00%,60,96.00%,90,3,No,High,PhD,Medium,8,3,Medium,Medium,High,4,Medium,101,Fail
Jennifer Anderson,Male,22,17,93.00%,65,72.00%,54,2,Yes,Low,High School,Low,5,6,High,Medium,Low,0,High,119,Fail
Patricia Lopez,Female,23,12,80.00%,80,85.00%,95,3,No,High,High School,Low,7,1,High,High,Medium,3,Medium,29,Pass
Barbara Rodriguez,Female,22,25,89.00%,57,52.00%,97,1,No,High,Bachelor's,High,9,7,Medium,High,Low,5,High,105,Pass
Patricia Gonzalez,Female,23,12,86.00%,78,57.00%,63,2,No,Low,Master's,Low,6,2,Medium,High,Medium,1,High,18,Pass
Mary Anderson,Female,22,15,100.00%,66,82.00%,52,0,Yes,Medium,PhD,High,6,3,Medium,High,Medium,3,High,107,Pass
John Martinez,Female,24,26,55.00%,60,98.00%,56,2,Yes,High,High School,High,8,3,Low,Low,High,2,Low,49,Fail
David Lopez,Male,21,22,66.00%,71,68.00%,70,3,Yes,Low,Bachelor's,High,7,1,Medium,High,High,4,Low,52,Pass
David Rodriguez,Male,22,29,86.00%,50,82.00%,50,0,No,Medium,High School,High,6,4,High,Medium,High,5,Low,64,Pass
Joseph Wilson,Male,23,7,78.00%,79,75.00%,84,1,No,Low,High School,Medium,7,7,Low,High,Low,1,Low,120,Fail
Susan Williams,Female,22,16,93.00%,97,67.00%,69,0,No,Medium,High School,Low,4,5,Low,Low,Low,0,Medium,80,Pass
Barbara Lopez,Male,19,23,76.00%,70,65.00%,74,1,Yes,Medium,High School,Low,6,6,Medium,High,Low,5,Medium,50,Fail
Linda Davis,Female,20,19,50.00%,83,51.00%,86,2,No,High,Bachelor's,Low,4,1,Low,Low,Medium,3,Low,66,Fail
Mary Wilson,Female,23,19,80.00%,53,56.00%,71,1,No,Low,Master's,Medium,6,4,High,Medium,Medium,2,High,115,Pass
John Hernandez,Male,23,22,76.00%,77,53.00%,71,2,No,Medium,High School,Medium,4,8,High,High,High,2,Medium,46,Fail
Jennifer Davis,Female,24,10,53.00%,51,60.00%,63,0,Yes,High,Master's,Low,9,5,High,High,High,5,Low,68,Pass
Patricia Johnson,Female,18,24,73.00%,67,94.00%,57,1,Yes,High,PhD,Medium,7,2,Low,Medium,Medium,2,Low,93,Pass
Michael Jones,Female,18,25,82.00%,89,57.00%,93,1,No,Medium,Master's,High,5,4,Medium,Low,Low,2,Medium,43,Pass
Elizabeth Williams,Female,24,22,97.00%,73,55.00%,65,1,No,Medium,Master's,High,6,5,Medium,Medium,High,2,Low,86,Fail
Patricia Miller,Female,23,27,67.00%,59,72.00%,80,2,No,Medium,Master's,High,5,8,Medium,High,High,5,Low,31,Fail
Joseph Garcia,Female,22,13,50.00%,81,99.00%,89,0,Yes,Medium,PhD,Low,8,7,Medium,High,High,3,Low,47,Pass
James Garcia,Female,23,23,91.00%,75,95.00%,64,3,No,Medium,Bachelor's,Low,7,6,High,Low,Medium,0,Medium,60,Pass
John Jones,Male,24,23,57.00%,56,50.00%,98,1,No,Low,High School,High,9,7,High,Low,Medium,5,High,54,Fail
Michael Johnson,Male,25,21,90.00%,85,85.00%,70,2,No,High,Bachelor's,Low,7,2,High,High,Medium,4,Low,18,Pass
David Williams,Male,19,30,64.00%,62,99.00%,85,1,No,Low,High School,Medium,6,5,High,Low,Low,2,Medium,12,Pass
Susan Lopez,Female,25,8,94.00%,76,67.00%,67,0,No,Low,Master's,Low,5,6,High,High,High,5,Medium,97,Fail
Susan Anderson,Female,22,28,89.00%,84,95.00%,64,1,No,High,Bachelor's,Medium,5,6,Low,Low,Low,1,Low,120,Pass
Robert Williams,Male,20,9,99.00%,66,71.00%,80,3,No,Medium,Bachelor's,High,4,2,Medium,Medium,Medium,4,Low,25,Fail
Michael Gonzalez,Female,25,20,87.00%,58,69.00%,61,1,Yes,Medium,PhD,Medium,8,2,Medium,High,Low,1,High,30,Pass
Richard Smith,Male,22,21,59.00%,72,70.00%,50,0,Yes,High,Master's,Low,9,3,Low,Low,Medium,3,Low,62,Pass
Elizabeth Lopez,Male,18,11,67.00%,58,93.00%,52,3,Yes,Low,High School,High,4,1,Low,Medium,High,0,Medium,62,Fail
Barbara Johnson,Female,22,11,87.00%,64,88.00%,98,1,No,High,Master's,High,8,6,Low,Medium,Low,4,Low,106,Pass
David Miller,Female,20,11,63.00%,57,88.00%,94,1,No,Low,PhD,High,8,4,Medium,Medium,High,0,High,22,Pass
Michael Gonzalez,Female,21,12,80.00%,75,82.00%,95,0,Yes,High,Master's,Low,4,5,High,High,Medium,0,Low,75,Pass
Patricia Rodriguez,Female,19,29,78.00%,55,82.00%,90,2,Yes,High,PhD,Medium,6,6,Medium,Medium,Medium,5,Low,71,Fail
Susan Davis,Female,21,25,92.00%,86,89.00%,89,0,Yes,High,PhD,Medium,5,6,High,Medium,Medium,1,Medium,101,Fail
Linda Rodriguez,Female,25,21,90.00%,90,71.00%,68,0,Yes,Low,Master's,Medium,4,4,Medium,Low,High,2,High,20,Pass
Richard Jones,Male,25,11,50.00%,69,54.00%,78,1,No,Medium,High School,Medium,6,6,Low,High,Medium,4,High,56,Pass
Robert Brown,Female,20,10,87.00%,90,82.00%,81,1,Yes,Medium,High School,Medium,7,2,Low,Medium,High,1,High,114,Pass
Elizabeth Garcia,Male,18,24,81.00%,100,64.00%,50,2,Yes,Low,Bachelor's,High,4,1,High,Low,Medium,4,Low,117,Fail
William Hernandez,Male,22,13,64.00%,51,93.00%,57,1,Yes,High,High School,High,9,1,Low,High,Medium,2,High,29,Pass
Patricia Jones,Male,18,19,91.00%,71,61.00%,90,2,Yes,Low,Master's,Low,8,7,Medium,Medium,Medium,0,Low,41,Pass
Barbara Hernandez,Female,21,29,62.00%,78,53.00%,67,1,No,Low,Bachelor's,Medium,6,6,High,Low,Medium,3,Medium,107,Pass
Mary Hernandez,Female,19,16,60.00%,74,75.00%,93,1,Yes,Low,Master's,Medium,4,8,Medium,Medium,High,4,Low,51,Fail
Patricia Jones,Female,22,18,74.00%,50,88.00%,68,2,Yes,Low,High School,Medium,9,8,High,Low,Medium,5,Low,110,Fail
Jennifer Anderson,Female,21,13,75.00%,95,53.00%,93,0,Yes,Low,Master's,High,5,3,Low,Low,Medium,5,Low,83,Pass
Elizabeth Smith,Male,18,22,77.00%,65,89.00%,99,0,No,Medium,Bachelor's,Low,5,8,High,High,High,3,High,99,Pass
Jennifer Johnson,Female,25,27,57.00%,51,85.00%,67,3,No,High,PhD,Low,7,8,High,Medium,High,3,High,48,Pass
Elizabeth Anderson,Female,21,27,89.00%,93,98.00%,86,1,Yes,Medium,Master's,Medium,6,6,Low,Low,Low,2,Low,28,Pass
Barbara Johnson,Female,24,5,65.00%,81,79.00%,77,3,No,Low,Master's,Medium,8,8,Low,High,Medium,1,Medium,80,Pass
Robert Gonzalez,Male,21,16,70.00%,99,53.00%,89,2,No,Medium,Bachelor's,Medium,8,7,Low,Medium,High,0,Low,20,Pass
Barbara Anderson,Male,18,19,78.00%,52,94.00%,81,1,Yes,Medium,Bachelor's,Low,4,8,Low,Low,Low,4,High,113,Pass
Elizabeth Johnson,Female,25,15,80.00%,58,90.00%,76,0,No,High,High School,High,4,3,Low,Medium,High,3,Medium,62,Fail
Susan Johnson,Male,18,10,83.00%,92,83.00%,50,0,No,Medium,Master's,High,8,1,Medium,Low,High,1,High,55,Pass
James Miller,Female,25,8,97.00%,87,92.00%,67,0,No,Medium,Bachelor's,Medium,9,7,High,High,High,2,Medium,40,Fail
Jennifer Brown,Male,23,25,82.00%,60,93.00%,80,2,No,Low,PhD,Medium,6,4,High,Low,Medium,3,Low,95,Fail
Linda Miller,Female,24,26,53.00%,53,100.00%,94,1,Yes,Low,High School,Medium,7,1,Low,High,Low,0,Low,42,Fail
John Johnson,Female,21,10,54.00%,95,73.00%,86,2,Yes,Medium,Bachelor's,Low,7,8,Medium,High,High,1,Medium,99,Pass
Robert Williams,Male,20,21,100.00%,80,73.00%,65,0,No,High,Master's,Low,4,5,Medium,Medium,High,2,Medium,94,Pass
Robert Martinez,Female,25,26,72.00%,69,55.00%,53,2,No,Medium,PhD,High,9,5,High,High,Medium,1,Medium,106,Fail
Joseph Miller,Male,18,16,75.00%,66,100.00%,52,0,No,Medium,High School,Medium,9,4,High,Medium,High,3,High,93,Pass
Linda Anderson,Male,21,24,66.00%,89,65.00%,84,3,No,Low,PhD,High,4,5,Low,Low,High,1,High,69,Fail
Patricia Rodriguez,Male,23,5,76.00%,54,86.00%,97,2,No,Low,Bachelor's,High,6,2,Low,Low,Low,3,Medium,118,Pass
Richard Rodriguez,Male,21,17,72.00%,69,71.00%,69,1,Yes,High,Master's,Medium,7,4,Medium,Medium,Medium,1,High,13,Fail
Richard Rodriguez,Male,19,22,65.00%,70,62.00%,54,2,No,High,PhD,High,4,6,High,Medium,Medium,0,Medium,120,Pass
Richard Miller,Male,18,23,81.00%,100,90.00%,73,1,Yes,Medium,Master's,High,7,7,Low,High,High,3,High,32,Fail
Joseph Gonzalez,Male,18,5,93.00%,57,100.00%,96,3,No,Low,High School,High,4,2,Medium,High,Medium,2,High,27,Pass
Mary Gonzalez,Male,20,25,93.00%,53,87.00%,77,3,Yes,Low,PhD,Medium,8,3,Medium,High,Low,4,High,62,Pass
Michael Hernandez,Female,20,19,57.00%,79,99.00%,86,1,Yes,High,Master's,Low,5,4,Medium,Low,Low,5,High,97,Fail
Joseph Wilson,Male,18,29,62.00%,93,88.00%,83,1,No,Low,PhD,Low,9,5,Low,Low,Medium,3,Low,118,Fail
James Miller,Male,25,12,82.00%,64,75.00%,62,3,Yes,High,High School,Low,4,6,Low,Medium,Medium,1,High,50,Fail
David Miller,Female,18,10,70.00%,55,82.00%,99,2,No,Low,Master's,Medium,4,8,Low,Low,Low,1,High,27,Pass
James Rodriguez,Male,22,30,71.00%,91,92.00%,65,2,No,Low,Bachelor's,High,7,2,High,Medium,High,3,Medium,29,Pass
Elizabeth Davis,Male,21,10,50.00%,60,66.00%,50,3,No,Low,Bachelor's,Medium,4,4,High,Low,High,0,Medium,27,Pass
Susan Williams,Male,20,6,65.00%,55,94.00%,76,1,Yes,Medium,High School,Medium,6,8,Medium,Low,Medium,3,Low,40,Pass
Michael Wilson,Female,22,17,57.00%,51,56.00%,55,0,No,High,Master's,High,6,2,High,Low,Medium,5,Low,55,Pass
Linda Brown,Male,18,18,91.00%,90,63.00%,84,2,Yes,High,PhD,Low,7,3,Low,Low,Low,5,Medium,39,Pass
Robert Hernandez,Female,25,16,98.00%,82,70.00%,85,2,Yes,Low,Master's,Medium,6,4,Medium,High,Low,3,High,84,Pass
Elizabeth Hernandez,Female,21,10,96.00%,88,93.00%,57,0,Yes,Low,PhD,High,4,5,Medium,High,Medium,1,Low,24,Fail
James Smith,Female,23,13,75.00%,74,100.00%,94,3,Yes,High,PhD,High,7,4,Medium,High,Medium,2,Medium,56,Pass
Robert Wilson,Male,21,25,82.00%,66,58.00%,88,2,Yes,Medium,High School,High,5,1,High,High,High,1,High,104,Pass
Susan Wilson,Female,19,5,89.00%,92,66.00%,67,1,Yes,Low,Bachelor's,Low,9,2,High,Medium,High,4,Medium,30,Fail
Robert Smith,Female,21,28,87.00%,66,53.00%,50,2,Yes,High,Bachelor's,High,6,1,High,Low,Low,0,Low,100,Fail
Elizabeth Anderson,Male,25,7,66.00%,100,62.00%,96,2,Yes,Medium,Bachelor's,Low,6,7,Low,Medium,High,1,High,35,Pass
Joseph Rodriguez,Female,25,7,100.00%,100,59.00%,59,3,Yes,High,High School,High,6,4,Low,High,High,2,Low,24,Pass
Joseph Lopez,Female,25,13,84.00%,53,62.00%,72,0,No,High,Bachelor's,High,5,8,Low,Low,Medium,2,Medium,38,Fail
Michael Anderson,Male,21,23,80.00%,77,93.00%,51,0,Yes,Medium,Bachelor's,Medium,6,7,Medium,Medium,Low,1,High,60,Fail
Robert Smith,Male,21,7,54.00%,77,58.00%,50,3,Yes,Medium,PhD,High,7,8,Medium,High,High,1,High,14,Fail
Susan Hernandez,Male,22,28,59.00%,67,68.00%,62,0,No,High,High School,High,5,3,High,Low,Low,0,Low,69,Fail
Susan Rodriguez,Male,21,25,53.00%,74,79.00%,74,0,No,High,Master's,High,4,5,High,Low,High,2,High,70,Pass
James Williams,Female,24,7,77.00%,81,69.00%,50,2,No,High,PhD,Low,9,5,High,Medium,Medium,1,Low,106,Fail
Joseph Garcia,Female,25,10,82.00%,90,84.00%,61,1,Yes,Medium,Master's,Low,7,8,High,High,High,5,Medium,82,Pass
David Brown,Female,20,5,83.00%,72,63.00%,56,2,No,Low,PhD,Medium,4,7,Low,Medium,Low,1,Medium,40,Pass
Mary Williams,Male,22,20,57.00%,66,92.00%,69,2,No,High,PhD,High,6,3,High,Low,Low,4,Low,21,Fail
Joseph Williams,Male,19,26,67.00%,97,50.00%,89,3,No,Medium,High School,High,6,4,High,Low,Medium,1,High,70,Pass
William Anderson,Male,18,17,96.00%,77,72.00%,85,3,Yes,High,High School,Low,8,3,Medium,Low,High,1,Low,17,Fail
Michael Davis,Female,22,9,85.00%,77,77.00%,99,0,No,High,PhD,High,8,7,Medium,Medium,High,3,Medium,101,Pass
Susan Jones,Female,25,24,74.00%,79,74.00%,75,3,Yes,High,PhD,High,7,6,Low,Medium,High,3,Low,45,Pass
Mary Anderson,Female,21,6,73.00%,95,96.00%,88,3,Yes,Low,Bachelor's,High,7,2,Low,Medium,Low,4,High,19,Pass
David Anderson,Female,25,18,61.00%,73,97.00%,68,2,No,High,Master's,High,7,8,Medium,High,High,5,High,74,Fail
Elizabeth Gonzalez,Female,18,10,91.00%,58,93.00%,75,1,No,Low,Bachelor's,Medium,4,8,Low,Low,High,3,Medium,72,Pass
Patricia Hernandez,Female,18,10,65.00%,72,51.00%,93,3,No,High,PhD,High,5,6,Low,Low,Medium,0,Medium,34,Fail
Robert Smith,Male,18,7,66.00%,62,73.00%,78,1,No,High,High School,Medium,8,3,Medium,Low,High,5,Low,102,Pass
Jennifer Brown,Male,24,28,73.00%,84,60.00%,76,0,Yes,Low,High School,High,4,8,Medium,Medium,Medium,2,Low,91,Pass
Michael Williams,Male,21,27,50.00%,66,78.00%,100,3,Yes,Medium,Bachelor's,Medium,8,3,Low,Low,High,3,Low,23,Fail
Joseph Jones,Male,19,6,84.00%,70,53.00%,56,0,Yes,High,High School,High,5,6,Low,High,Medium,1,High,38,Pass
Susan Miller,Female,21,30,64.00%,57,66.00%,95,2,Yes,High,High School,High,4,6,Medium,High,Low,5,Medium,79,Fail
Jennifer Wilson,Male,24,14,59.00%,75,94.00%,100,2,No,Medium,PhD,High,9,5,Low,Low,High,5,Low,105,Fail
Richard Garcia,Male,18,16,52.00%,97,53.00%,57,1,No,High,Master's,Low,6,3,Low,Medium,High,3,High,62,Fail
Jennifer Wilson,Female,18,27,80.00%,84,85.00%,56,1,No,Medium,High School,Medium,8,8,Low,High,Low,1,Medium,31,Pass
Jennifer Gonzalez,Female,22,11,66.00%,65,91.00%,87,0,No,Medium,PhD,Medium,6,5,Low,Medium,Medium,4,Low,79,Fail
Linda Rodriguez,Female,23,18,64.00%,72,72.00%,79,3,Yes,High,High School,Low,6,3,Low,High,High,2,Medium,40,Fail
William Wilson,Male,25,27,78.00%,83,87.00%,100,1,Yes,Medium,PhD,Low,8,5,High,Low,Medium,5,Medium,65,Pass
Susan Lopez,Male,18,21,80.00%,82,56.00%,64,2,No,High,High School,Low,9,4,Medium,Low,High,4,High,10,Fail
Robert Lopez,Female,22,28,70.00%,68,63.00%,86,1,No,Low,Master's,High,4,3,Low,Low,Medium,1,Medium,13,Pass
Susan Hernandez,Male,23,20,64.00%,90,58.00%,65,3,Yes,Low,Master's,Medium,6,3,Medium,Low,High,5,Low,49,Fail
Joseph Jones,Female,19,26,73.00%,76,66.00%,82,0,Yes,Low,High School,Low,5,5,Medium,Medium,Low,5,Medium,37,Pass
Jennifer Johnson,Male,19,20,84.00%,56,77.00%,96,1,Yes,Medium,High School,Low,9,8,Medium,High,Low,0,Medium,34,Pass
David Brown,Female,19,30,90.00%,72,97.00%,50,2,Yes,High,PhD,High,9,2,Medium,Medium,Medium,5,Low,31,Fail
Linda Smith,Female,24,14,85.00%,85,59.00%,53,1,No,Medium,Bachelor's,Medium,7,3,High,Medium,Medium,3,Low,32,Fail
James Smith,Female,23,20,88.00%,82,76.00%,60,2,No,High,Bachelor's,Low,5,1,High,High,Low,2,High,119,Pass
William Williams,Male,18,20,94.00%,56,97.00%,56,2,Yes,High,Master's,Low,9,1,Medium,High,High,3,Medium,82,Fail
James Miller,Female,18,23,92.00%,51,86.00%,60,2,No,Low,PhD,Low,4,8,High,High,High,1,Low,105,Fail
Barbara Lopez,Male,25,23,100.00%,56,66.00%,99,2,No,Medium,Master's,Medium,8,2,Low,Medium,High,1,Low,115,Fail
John Martinez,Female,23,21,64.00%,82,92.00%,52,0,No,Low,Bachelor's,Medium,6,3,Medium,High,Medium,2,High,41,Pass
Elizabeth Wilson,Male,19,7,53.00%,70,83.00%,76,1,No,Low,High School,Medium,4,4,High,High,Medium,1,Medium,106,Pass
Barbara Rodriguez,Female,23,7,57.00%,67,89.00%,57,2,No,Low,Bachelor's,High,5,1,Medium,High,High,2,Low,84,Fail
John Hernandez,Male,20,22,80.00%,88,80.00%,98,1,Yes,Low,PhD,Medium,6,1,Medium,Low,High,1,High,28,Pass
Jennifer Gonzalez,Male,23,19,74.00%,55,53.00%,63,1,Yes,Low,High School,Medium,6,3,Low,High,Low,2,High,115,Fail
Patricia Anderson,Male,24,23,95.00%,73,98.00%,73,0,No,Medium,High School,High,7,3,High,Low,Medium,0,Low,71,Pass
Patricia Brown,Male,23,18,78.00%,95,98.00%,55,1,No,Medium,High School,Low,9,1,Low,Low,High,1,Low,106,Fail
William Wilson,Male,23,20,92.00%,59,57.00%,52,3,Yes,Medium,High School,Medium,7,6,Low,Medium,Low,3,Medium,39,Fail
James Rodriguez,Male,25,21,98.00%,71,100.00%,89,0,Yes,High,Master's,High,7,6,Medium,High,Low,3,High,26,Pass
Robert Garcia,Male,19,7,78.00%,83,74.00%,90,2,Yes,High,High School,High,4,3,High,High,Medium,2,High,23,Fail
Linda Brown,Male,18,12,94.00%,55,63.00%,84,0,No,Medium,High School,Low,9,1,Low,Low,Medium,2,Low,10,Fail
Patricia Lopez,Female,19,5,74.00%,78,85.00%,56,3,No,Medium,PhD,Low,4,2,High,High,High,0,Medium,31,Fail
Jennifer Johnson,Male,23,25,60.00%,61,67.00%,84,3,Yes,Medium,Bachelor's,Medium,8,5,High,Low,High,5,High,44,Fail
Jennifer Davis,Female,20,20,65.00%,80,97.00%,75,0,Yes,Low,High School,Low,6,5,Medium,Low,Medium,3,Low,112,Fail
Richard Brown,Male,22,27,64.00%,58,91.00%,86,2,Yes,Low,High School,Low,6,8,Medium,High,Low,2,Low,101,Pass
John Davis,Female,20,13,67.00%,81,50.00%,56,2,Yes,High,PhD,Low,9,4,High,Low,Medium,4,Low,64,Fail
Joseph Garcia,Female,18,20,79.00%,94,70.00%,93,0,No,High,Master's,Medium,8,3,High,Medium,High,3,Medium,66,Fail
David Hernandez,Female,21,16,62.00%,94,68.00%,88,1,Yes,High,Master's,High,9,6,Low,Medium,High,2,Medium,101,Fail
Jennifer Miller,Male,24,6,96.00%,52,67.00%,99,3,No,Medium,Bachelor's,Low,7,5,High,Medium,Medium,3,High,14,Pass
Richard Miller,Male,22,5,51.00%,65,65.00%,75,2,Yes,High,PhD,Medium,9,7,Medium,Medium,Low,5,Low,104,Pass
Patricia Miller,Male,21,14,56.00%,90,53.00%,96,3,No,Low,PhD,Low,5,3,Low,Low,Medium,4,Medium,81,Pass
Elizabeth Smith,Female,24,11,66.00%,72,99.00%,73,2,Yes,Low,Master's,Low,8,8,Medium,High,Low,0,Low,80,Pass
Barbara Williams,Male,24,10,60.00%,64,54.00%,50,3,No,Medium,High School,High,8,4,Low,Low,High,1,High,65,Fail
Mary Gonzalez,Male,21,6,74.00%,68,72.00%,74,1,Yes,High,High School,Low,9,8,Medium,Low,Low,5,High,63,Pass
Barbara Wilson,Male,24,20,97.00%,88,60.00%,75,3,Yes,High,Master's,Medium,6,4,Low,Low,High,2,High,93,Fail
Barbara Lopez,Male,19,23,73.00%,56,93.00%,97,1,Yes,Medium,Bachelor's,Low,7,6,High,High,High,3,Low,81,Fail
Joseph Davis,Female,24,26,93.00%,72,96.00%,73,1,Yes,High,High School,High,6,3,Medium,Medium,Low,5,Low,64,Pass
Jennifer Johnson,Female,22,7,83.00%,67,81.00%,95,3,No,Medium,High School,Medium,7,7,Low,High,High,0,High,68,Fail
Richard Johnson,Male,24,24,57.00%,83,89.00%,79,0,Yes,Low,High School,Low,8,3,Low,High,Medium,4,High,69,Pass
Mary Gonzalez,Female,23,11,92.00%,60,71.00%,63,1,Yes,Medium,Bachelor's,Medium,9,2,High,Medium,Medium,2,Low,35,Fail
William Hernandez,Female,25,12,97.00%,96,61.00%,76,2,Yes,High,High School,Medium,8,4,Medium,Low,High,2,Medium,34,Pass
John Lopez,Male,24,30,100.00%,71,77.00%,98,3,Yes,Medium,Bachelor's,Medium,8,5,Low,Medium,High,1,High,10,Fail
William Garcia,Female,25,7,77.00%,53,87.00%,85,0,No,Low,PhD,High,9,1,Medium,Medium,High,2,Medium,33,Pass
Barbara Smith,Female,20,10,62.00%,93,72.00%,65,1,No,High,High School,High,4,4,High,Medium,Low,1,High,24,Fail
Linda Johnson,Male,21,29,81.00%,95,82.00%,60,1,No,Medium,High School,Medium,7,2,Low,Low,High,0,High,25,Pass
Patricia Brown,Male,21,7,92.00%,66,62.00%,76,3,Yes,Medium,Bachelor's,Medium,6,1,Low,Medium,Low,3,High,13,Fail
Robert Davis,Male,18,8,95.00%,82,87.00%,96,3,No,Medium,Master's,High,6,2,High,Medium,Low,5,High,92,Pass
James Gonzalez,Male,23,9,64.00%,57,51.00%,75,0,No,Medium,High School,Medium,4,1,High,High,High,1,Low,26,Pass
Richard Davis,Male,18,19,54.00%,96,54.00%,56,0,No,Medium,Bachelor's,High,6,6,Low,High,Low,5,High,18,Fail
James Hernandez,Female,23,25,92.00%,99,72.00%,92,0,Yes,High,PhD,Low,4,3,Medium,Medium,Medium,2,High,104,Pass
Mary Brown,Male,20,24,65.00%,85,78.00%,98,3,Yes,Low,PhD,Low,6,6,Low,Low,Medium,5,Medium,36,Pass
Jennifer Hernandez,Male,21,30,77.00%,92,59.00%,85,2,Yes,Low,PhD,High,6,1,Low,Low,Medium,4,High,55,Pass
Barbara Jones,Female,18,24,76.00%,67,66.00%,60,0,No,Medium,PhD,Low,6,2,High,Medium,High,2,High,97,Pass
John Johnson,Male,22,8,67.00%,75,55.00%,80,2,Yes,Low,High School,High,7,3,Medium,Low,Medium,2,Low,20,Fail
David Garcia,Male,20,11,92.00%,87,68.00%,85,0,Yes,Low,Bachelor's,Medium,4,7,High,Low,Medium,4,Low,117,Pass
Jennifer Wilson,Male,23,5,86.00%,85,68.00%,72,0,No,Medium,High School,Medium,7,2,High,Low,Low,4,Medium,69,Fail
Robert Johnson,Female,20,17,59.00%,61,96.00%,70,3,No,Low,Master's,Low,9,1,Medium,High,Medium,1,High,101,Pass
Elizabeth Lopez,Male,20,28,72.00%,53,90.00%,55,0,No,Low,PhD,Low,7,4,High,Low,Low,1,High,26,Pass
Joseph Wilson,Male,19,29,97.00%,62,99.00%,85,0,Yes,High,PhD,Medium,6,8,Low,Low,Low,1,Low,56,Pass
Elizabeth Martinez,Female,25,10,92.00%,53,91.00%,93,0,No,Medium,Bachelor's,Low,6,7,Low,Medium,High,5,Medium,95,Pass
James Miller,Male,25,5,64.00%,94,72.00%,73,3,No,Low,High School,Medium,6,3,Medium,High,Low,4,High,86,Fail
Richard Brown,Male,22,19,79.00%,51,55.00%,60,3,No,Low,Master's,Low,8,2,High,High,Low,0,Low,72,Fail
Richard Garcia,Male,20,8,72.00%,74,84.00%,73,1,Yes,High,High School,Medium,5,2,Medium,High,High,0,Low,42,Fail
Barbara Smith,Male,25,20,80.00%,67,78.00%,84,1,Yes,Low,High School,Medium,8,2,Medium,Medium,Low,5,High,36,Pass
Patricia Garcia,Male,25,29,73.00%,60,99.00%,59,2,Yes,Low,Bachelor's,High,8,3,High,Medium,High,5,Low,107,Fail
Richard Hernandez,Male,24,7,93.00%,81,55.00%,71,3,Yes,Low,Bachelor's,Low,7,6,Low,High,Medium,3,Low,26,Fail
William Davis,Male,20,6,57.00%,97,94.00%,57,0,No,Medium,Master's,Medium,8,1,Medium,High,Medium,3,Low,98,Pass
Joseph Hernandez,Female,25,25,96.00%,96,100.00%,75,1,Yes,Low,Master's,Low,6,3,Medium,High,Low,3,Medium,18,Pass
David Johnson,Female,25,8,61.00%,71,64.00%,68,1,No,Medium,Bachelor's,Medium,4,6,Low,Medium,High,1,Low,64,Pass
James Hernandez,Female,25,18,80.00%,82,71.00%,84,1,Yes,Low,High School,Low,9,3,High,High,High,1,Medium,31,Pass
Richard Martinez,Male,23,10,95.00%,93,81.00%,60,0,Yes,Medium,High School,Low,9,2,High,Low,High,3,Medium,81,Fail
Jennifer Smith,Female,19,9,68.00%,76,50.00%,77,2,Yes,Low,High School,Medium,7,3,Low,Low,High,1,High,102,Pass
Michael Wilson,Female,25,15,51.00%,77,88.00%,98,3,Yes,High,Bachelor's,Low,8,2,Low,Low,Medium,2,Low,113,Fail
Robert Miller,Male,24,12,75.00%,74,57.00%,58,2,No,Medium,High School,Medium,5,5,Medium,High,Medium,2,Low,36,Pass
Mary Brown,Female,22,30,56.00%,58,88.00%,56,2,No,Low,PhD,Medium,5,5,High,Medium,Medium,1,High,11,Pass
James Smith,Male,21,11,66.00%,53,85.00%,77,2,No,Medium,Master's,Low,8,6,Medium,Medium,High,4,Medium,81,Pass
William Jones,Male,19,20,67.00%,82,81.00%,51,0,No,Medium,Master's,Low,7,6,Low,Low,Medium,5,Low,107,Pass
Jennifer Hernandez,Female,22,30,76.00%,90,67.00%,90,3,Yes,High,PhD,High,9,7,High,High,Low,0,Low,76,Pass
James Martinez,Male,25,29,68.00%,100,70.00%,65,0,Yes,High,PhD,Low,4,5,Low,Medium,Low,0,Medium,98,Pass
Mary Gonzalez,Male,18,8,69.00%,76,65.00%,90,1,No,Medium,High School,Low,8,8,High,High,Medium,5,Low,97,Fail
William Gonzalez,Male,19,11,82.00%,52,64.00%,87,2,No,Low,Master's,Medium,7,5,High,Low,High,3,Medium,43,Fail
Mary Lopez,Male,24,15,75.00%,77,96.00%,65,1,No,Low,Bachelor's,Medium,9,6,Medium,Low,High,4,High,12,Pass
Joseph Gonzalez,Male,24,29,98.00%,51,84.00%,72,1,Yes,High,Master's,High,5,6,Medium,High,Medium,5,High,49,Pass
Patricia Rodriguez,Male,21,11,73.00%,70,70.00%,76,0,Yes,High,PhD,Medium,9,8,High,High,High,4,High,40,Fail
Barbara Johnson,Male,20,22,86.00%,54,92.00%,85,3,No,High,Bachelor's,Medium,4,4,Medium,High,Medium,1,Low,63,Pass
Patricia Rodriguez,Male,25,9,73.00%,71,74.00%,53,2,No,Medium,Master's,Medium,5,2,Medium,Low,High,2,High,68,Fail
Linda Smith,Female,19,28,80.00%,81,74.00%,67,3,No,High,Bachelor's,Low,7,2,High,Low,High,1,High,97,Pass
John Wilson,Male,18,27,74.00%,70,87.00%,90,3,No,Low,Bachelor's,Medium,7,2,High,High,High,5,High,22,Pass
Robert Smith,Female,22,12,87.00%,94,60.00%,84,1,Yes,High,PhD,Low,5,6,High,High,Medium,5,Low,108,Pass
Elizabeth Miller,Male,19,19,96.00%,69,97.00%,81,3,No,Low,Master's,High,5,6,Medium,Low,High,5,Low,85,Pass
John Gonzalez,Male,18,29,97.00%,97,93.00%,96,0,Yes,High,High School,Medium,9,7,Medium,Low,Low,1,Medium,65,Fail
Robert Williams,Female,23,16,100.00%,80,95.00%,72,1,Yes,Low,PhD,Medium,9,2,Medium,Medium,Low,0,Medium,55,Pass
Patricia Smith,Male,19,11,91.00%,88,95.00%,61,0,Yes,Medium,Master's,Low,9,4,Low,Medium,High,2,Low,102,Fail
Jennifer Wilson,Male,25,8,65.00%,89,100.00%,66,3,Yes,Low,Master's,High,9,5,Medium,Low,Medium,3,Medium,79,Fail
John Rodriguez,Male,18,29,96.00%,50,64.00%,97,2,Yes,High,Master's,Low,5,3,Medium,Medium,High,5,High,91,Fail
Susan Lopez,Female,18,19,76.00%,98,62.00%,67,3,Yes,High,PhD,High,4,7,High,High,Low,2,Medium,14,Fail
Michael Brown,Female,23,13,74.00%,89,76.00%,83,0,Yes,High,PhD,Low,8,6,Low,Medium,High,3,Medium,36,Pass
Robert Miller,Male,22,9,86.00%,91,93.00%,96,2,No,Low,High School,Low,7,4,High,Low,High,2,Low,10,Fail
Linda Hernandez,Female,20,9,53.00%,62,73.00%,51,1,No,High,PhD,Medium,8,8,Low,Medium,High,5,High,46,Pass
Michael Anderson,Female,18,7,52.00%,58,65.00%,88,3,No,Medium,PhD,High,8,1,High,High,Medium,0,High,75,Pass
Jennifer Lopez,Male,20,11,96.00%,69,90.00%,68,1,Yes,Medium,Bachelor's,Low,9,7,High,High,Medium,2,Medium,33,Pass
James Rodriguez,Male,24,28,81.00%,97,59.00%,80,0,No,Medium,PhD,Medium,8,5,Low,Low,Medium,1,High,57,Pass
Linda Davis,Female,24,26,81.00%,99,51.00%,82,0,No,Low,Master's,Low,8,6,High,Low,High,4,Low,59,Pass
Richard Martinez,Female,22,27,52.00%,67,68.00%,98,2,No,Medium,Master's,Low,9,5,Low,Low,Low,5,High,85,Pass
James Gonzalez,Female,23,28,61.00%,88,70.00%,80,1,No,Medium,PhD,Medium,8,6,Medium,Low,Medium,0,Medium,55,Fail
Barbara Anderson,Male,24,23,52.00%,68,74.00%,100,3,Yes,Low,PhD,Medium,9,2,Medium,High,High,2,Low,91,Pass
William Lopez,Female,19,27,51.00%,64,53.00%,84,1,Yes,High,High School,Low,9,8,High,Low,Medium,3,Medium,115,Fail
William Davis,Male,22,30,74.00%,65,88.00%,70,0,No,Medium,Bachelor's,Medium,8,3,Low,Medium,Low,0,Low,100,Pass
Susan Miller,Male,22,22,92.00%,55,57.00%,68,0,Yes,Medium,High School,High,7,4,Medium,Medium,Medium,4,High,111,Fail
Linda Anderson,Male,20,7,93.00%,58,73.00%,73,1,Yes,Low,High School,High,9,1,High,Medium,Medium,4,Medium,13,Fail
Michael Garcia,Male,24,24,99.00%,89,86.00%,94,1,No,Low,PhD,High,9,5,Low,Low,High,0,Low,53,Pass
Susan Rodriguez,Female,25,24,59.00%,67,81.00%,52,2,Yes,Low,Master's,Low,9,1,High,Low,Medium,2,Low,84,Pass
James Davis,Female,20,20,68.00%,70,68.00%,77,3,Yes,Low,Bachelor's,Medium,6,6,Medium,Medium,High,4,High,22,Pass
Linda Anderson,Female,20,29,59.00%,59,80.00%,71,0,Yes,Medium,Bachelor's,Medium,9,6,High,High,Medium,4,Low,41,Pass
John Davis,Female,23,27,94.00%,66,100.00%,53,1,No,Low,Master's,Low,4,1,Medium,Low,High,2,Medium,112,Pass
Michael Martinez,Male,24,14,96.00%,89,74.00%,59,2,No,Medium,Bachelor's,Medium,5,8,Medium,Medium,High,1,Low,97,Pass
Joseph Brown,Female,21,16,99.00%,82,65.00%,55,0,Yes,High,High School,Medium,5,4,High,High,Medium,3,High,24,Pass
Joseph Brown,Male,19,15,94.00%,80,58.00%,73,3,Yes,High,High School,High,7,5,Medium,Medium,Medium,2,Medium,111,Pass
Jennifer Johnson,Female,21,7,88.00%,71,56.00%,68,2,Yes,Low,High School,Medium,8,5,High,High,High,3,Medium,76,Pass
John Rodriguez,Male,22,21,59.00%,80,58.00%,98,3,No,High,Master's,High,7,5,High,Medium,Medium,2,High,99,Pass
William Jones,Female,21,10,53.00%,83,92.00%,91,0,No,High,Bachelor's,Medium,4,4,Medium,Medium,Medium,3,Medium,38,Pass
Robert Smith,Male,23,14,59.00%,69,60.00%,100,0,No,Low,PhD,High,4,6,Medium,High,High,5,High,115,Fail
Jennifer Davis,Male,24,27,78.00%,51,59.00%,70,1,Yes,Low,Bachelor's,High,9,3,High,High,High,1,High,33,Fail
Jennifer Smith,Female,22,8,53.00%,95,90.00%,61,1,No,Low,PhD,Low,4,1,Medium,High,Low,2,Low,76,Pass
David Gonzalez,Female,19,20,97.00%,88,55.00%,59,2,Yes,Medium,High School,Low,4,1,High,Medium,High,4,High,97,Pass
James Davis,Female,21,27,95.00%,93,71.00%,80,0,Yes,Low,Master's,High,9,7,Medium,High,Medium,4,Low,22,Pass
Susan Wilson,Female,24,25,52.00%,50,80.00%,58,0,No,High,PhD,Low,8,8,Low,Medium,Medium,0,Low,11,Fail
Michael Wilson,Female,23,11,56.00%,79,66.00%,53,1,No,Medium,Master's,Medium,4,2,Medium,Medium,High,0,Low,20,Pass
Susan Johnson,Male,22,10,93.00%,60,59.00%,62,3,No,Medium,PhD,High,8,8,Medium,Low,Low,3,Medium,29,Pass
Joseph Rodriguez,Male,19,25,75.00%,57,81.00%,87,1,Yes,Medium,Bachelor's,Medium,7,3,High,High,High,1,Medium,116,Pass
James Williams,Female,20,5,92.00%,66,58.00%,52,2,No,High,Master's,Low,5,6,High,Low,High,5,Low,77,Pass
Susan Martinez,Female,20,17,64.00%,59,61.00%,89,2,No,Low,Bachelor's,Medium,4,7,Medium,High,Low,5,Low,39,Fail
Richard Williams,Male,22,11,57.00%,81,62.00%,58,0,Yes,Low,Bachelor's,High,9,2,Low,Low,Low,2,High,104,Pass
Elizabeth Jones,Male,19,15,69.00%,79,76.00%,65,1,No,Medium,Master's,High,6,8,Medium,Low,Low,2,High,101,Pass
Mary Brown,Male,20,13,68.00%,96,100.00%,82,3,No,Low,Bachelor's,Medium,9,5,Low,Medium,Medium,1,High,25,Pass
Barbara Garcia,Male,25,16,50.00%,51,59.00%,92,1,No,High,Master's,Medium,9,1,Medium,Medium,Low,4,Medium,53,Fail
Patricia Johnson,Male,23,9,91.00%,82,99.00%,70,1,Yes,Medium,Bachelor's,Low,7,1,High,Low,High,3,Medium,100,Pass
David Johnson,Female,20,9,52.00%,99,72.00%,81,3,Yes,Low,Master's,Medium,4,4,Medium,Low,Medium,4,Medium,112,Pass
Barbara Miller,Male,19,17,78.00%,57,88.00%,56,1,Yes,High,High School,Low,7,7,Medium,Low,High,5,Medium,25,Pass
Elizabeth Johnson,Male,24,18,98.00%,82,80.00%,63,0,Yes,Low,Master's,Medium,6,6,Medium,Medium,High,5,Medium,36,Pass
Patricia Rodriguez,Male,25,20,88.00%,70,82.00%,59,1,No,Medium,PhD,Medium,9,6,High,Medium,Medium,0,High,37,Pass
William Wilson,Male,23,5,53.00%,54,61.00%,71,2,Yes,Medium,Master's,Low,4,7,Low,Medium,Medium,0,Low,29,Fail
William Rodriguez,Male,19,15,87.00%,93,74.00%,92,1,No,Low,Master's,Medium,8,2,High,Low,Medium,5,High,67,Pass
Michael Miller,Female,18,21,92.00%,84,99.00%,66,2,No,Medium,High School,Medium,4,6,Medium,High,High,2,Low,40,Pass
Richard Hernandez,Male,25,27,71.00%,84,81.00%,95,1,No,High,Master's,Low,6,4,Medium,Medium,Medium,2,Low,60,Pass
Patricia Williams,Male,25,14,62.00%,70,69.00%,53,2,No,Low,High School,High,5,5,Medium,Medium,Low,4,Medium,38,Pass
Mary Davis,Male,19,7,69.00%,91,99.00%,83,2,Yes,Low,Master's,High,9,3,Low,Medium,Medium,5,Low,67,Pass
John Brown,Male,22,23,92.00%,71,50.00%,64,0,No,High,High School,Medium,5,7,High,High,Medium,1,Low,72,Pass
Jennifer Martinez,Male,22,8,91.00%,66,73.00%,88,2,Yes,High,Bachelor's,Medium,9,3,Low,Low,High,5,Medium,41,Pass
Mary Smith,Male,21,23,90.00%,78,91.00%,81,2,Yes,Low,PhD,Medium,6,6,Medium,High,High,0,Low,80,Pass
James Brown,Male,21,22,98.00%,53,70.00%,50,3,Yes,Medium,Master's,High,6,8,High,Medium,High,5,Medium,95,Pass
Elizabeth Anderson,Female,25,12,88.00%,79,67.00%,67,0,Yes,Low,Master's,High,5,2,Medium,Medium,Low,5,Low,68,Pass
Patricia Miller,Male,25,13,83.00%,88,52.00%,53,3,No,High,Master's,High,7,5,Low,High,Medium,4,Low,13,Pass
Mary Miller,Male,20,21,90.00%,51,71.00%,81,3,Yes,Medium,Master's,High,9,2,Medium,Low,Medium,5,High,78,Pass
Michael Johnson,Female,20,24,53.00%,92,68.00%,95,0,No,Medium,Bachelor's,Low,7,7,High,High,High,2,Low,117,Pass
Joseph Johnson,Female,22,19,97.00%,75,96.00%,95,1,No,Low,Bachelor's,High,4,1,High,Low,Medium,5,Medium,110,Pass
David Davis,Male,20,13,63.00%,52,50.00%,94,2,Yes,Medium,Bachelor's,High,4,4,Medium,High,High,3,High,33,Fail
David Williams,Male,18,29,95.00%,95,86.00%,76,2,Yes,High,PhD,Low,5,5,High,Medium,Medium,3,High,85,Pass
Mary Rodriguez,Male,24,25,94.00%,72,72.00%,62,1,No,Medium,Bachelor's,Medium,7,7,Low,Low,Medium,0,Medium,10,Pass
Barbara Brown,Female,18,10,73.00%,70,78.00%,85,2,Yes,High,Bachelor's,High,8,7,Medium,Low,High,0,Low,78,Pass
Jennifer Martinez,Male,24,26,70.00%,93,83.00%,68,0,Yes,Medium,High School,Medium,5,1,Low,Low,Low,0,Low,118,Pass
Barbara Johnson,Male,19,14,67.00%,66,69.00%,68,1,Yes,High,High School,High,5,6,High,Low,Medium,3,High,99,Pass
Michael Gonzalez,Female,20,6,91.00%,57,84.00%,62,3,Yes,Low,Master's,Low,4,8,High,Medium,High,4,High,114,Pass
David Rodriguez,Female,23,21,68.00%,69,50.00%,50,2,Yes,Low,High School,Medium,6,6,Low,Medium,Medium,0,High,75,Fail
Susan Martinez,Female,18,24,72.00%,100,58.00%,99,2,Yes,High,PhD,Low,7,7,Low,Low,Low,3,High,93,Pass
Linda Garcia,Male,21,22,50.00%,71,91.00%,97,0,Yes,Low,Master's,Medium,7,8,High,Low,Medium,0,High,67,Pass
Richard Johnson,Male,22,12,80.00%,76,92.00%,91,1,Yes,Low,High School,High,5,1,Low,Low,High,3,High,47,Pass
John Williams,Female,19,9,56.00%,62,81.00%,64,1,No,High,High School,Low,7,4,Medium,High,High,1,Low,83,Pass
William Martinez,Female,22,5,66.00%,82,78.00%,79,1,No,Low,PhD,High,6,3,High,High,Low,3,Medium,18,Pass
Elizabeth Davis,Female,18,30,58.00%,60,66.00%,95,0,Yes,Medium,PhD,Medium,5,3,Low,High,High,2,High,59,Fail
Robert Lopez,Male,23,21,59.00%,60,66.00%,89,2,No,Medium,High School,Medium,7,8,Low,Medium,Medium,2,Medium,65,Fail
Joseph Brown,Female,21,10,52.00%,81,54.00%,93,0,No,Medium,High School,Low,5,6,High,High,Medium,0,Low,100,Fail
James Johnson,Male,19,12,97.00%,51,57.00%,80,2,Yes,Low,Bachelor's,Low,6,3,High,High,Medium,2,High,40,Pass
Richard Wilson,Female,19,10,54.00%,78,53.00%,85,3,No,Low,High School,Low,9,4,High,Medium,Low,1,High,61,Fail
Jennifer Davis,Male,22,7,87.00%,86,54.00%,100,1,No,Low,High School,Low,7,4,High,High,High,5,High,120,Pass
Linda Brown,Female,22,24,99.00%,80,89.00%,67,2,Yes,Low,Master's,Medium,8,7,Low,Medium,Medium,3,Medium,29,Pass
Susan Johnson,Female,25,5,68.00%,84,53.00%,56,2,Yes,Medium,PhD,Medium,7,3,Low,High,Medium,0,Low,43,Pass
Michael Jones,Male,21,22,97.00%,98,55.00%,94,1,No,Low,High School,Medium,5,5,Medium,High,Low,0,Low,48,Pass
Linda Smith,Female,24,15,81.00%,69,57.00%,77,3,Yes,High,High School,Medium,8,7,Medium,Medium,Medium,0,Medium,13,Pass
Michael Wilson,Male,21,17,93.00%,96,92.00%,78,1,No,Medium,Bachelor's,Medium,7,7,Low,High,Medium,5,Low,45,Pass
Richard Jones,Male,20,11,78.00%,59,55.00%,78,0,No,Medium,PhD,Low,8,3,Medium,Medium,Low,5,Low,87,Fail
Richard Anderson,Male,24,26,50.00%,95,100.00%,87,2,No,Low,PhD,High,8,2,Medium,Medium,High,3,High,106,Pass
Richard Martinez,Male,23,25,58.00%,82,98.00%,50,2,No,High,PhD,High,7,4,Medium,Medium,Low,4,High,36,Pass
Mary Miller,Female,24,20,82.00%,73,100.00%,54,3,No,Low,Bachelor's,Low,9,7,Low,High,Medium,1,Low,119,Pass
John Martinez,Male,20,9,82.00%,97,95.00%,94,0,No,High,Master's,High,9,5,Medium,Medium,Low,3,Low,64,Pass
David Gonzalez,Female,21,11,64.00%,77,55.00%,80,3,No,Medium,Bachelor's,Low,6,4,Medium,Low,High,2,Low,37,Pass
James Wilson,Female,24,29,81.00%,70,86.00%,54,3,No,Low,High School,Medium,6,6,Medium,Low,Medium,4,High,74,Pass
Susan Williams,Female,25,7,70.00%,58,92.00%,73,3,Yes,Low,Bachelor's,Low,4,8,High,Medium,Medium,5,High,112,Pass
Robert Miller,Female,20,9,50.00%,93,81.00%,82,0,No,Medium,Bachelor's,Low,5,8,Low,High,Low,2,High,29,Pass
Susan Hernandez,Female,20,21,66.00%,70,86.00%,66,3,No,High,High School,High,8,2,Medium,Low,Medium,0,Medium,86,Pass
William Rodriguez,Male,24,8,58.00%,96,99.00%,83,3,No,High,Master's,High,9,5,Low,Low,High,2,Low,33,Pass
James Anderson,Male,22,10,68.00%,51,67.00%,60,3,No,Low,High School,High,5,2,High,Low,Low,4,Low,110,Fail
Barbara Garcia,Female,24,16,69.00%,96,65.00%,50,3,No,Medium,High School,Medium,9,8,High,Medium,High,2,High,55,Pass
Joseph Hernandez,Male,24,22,70.00%,58,79.00%,58,2,Yes,Low,Master's,High,6,4,Medium,Low,Low,1,Low,61,Pass
Michael Johnson,Male,21,6,96.00%,93,81.00%,60,3,No,Medium,Master's,Low,5,5,Medium,Low,High,1,Medium,30,Pass
William Anderson,Female,25,28,74.00%,87,55.00%,78,3,No,Medium,Master's,Low,5,4,High,High,Medium,4,Medium,104,Pass
Joseph Williams,Female,22,17,51.00%,51,59.00%,51,1,No,Low,Bachelor's,Medium,5,2,Medium,Low,High,1,High,13,Fail
Mary Gonzalez,Female,18,21,64.00%,97,96.00%,98,2,No,Low,High School,Low,5,1,High,Medium,Medium,4,Low,115,Pass
Barbara Martinez,Male,23,9,96.00%,59,60.00%,67,2,Yes,Medium,High School,Low,6,2,Medium,Low,Low,3,High,48,Pass
Joseph Davis,Male,23,7,88.00%,72,80.00%,56,1,No,High,High School,Medium,9,8,High,Medium,Low,5,Medium,29,Pass
Patricia Lopez,Male,20,18,58.00%,70,74.00%,54,2,No,Low,Master's,High,6,5,Low,High,Medium,3,High,71,Pass
Richard Gonzalez,Male,22,5,73.00%,89,78.00%,96,3,No,High,High School,High,4,3,High,Low,High,2,High,87,Pass
David Wilson,Female,22,18,72.00%,53,53.00%,74,3,Yes,High,High School,Medium,7,3,Medium,High,Low,2,Medium,85,Fail
William Williams,Female,24,25,55.00%,76,70.00%,56,0,No,High,Bachelor's,Medium,4,7,High,Medium,Medium,3,Low,97,Pass
Elizabeth Lopez,Female,22,28,73.00%,76,67.00%,68,0,No,Low,High School,Medium,5,3,Medium,Low,High,0,Low,88,Pass
Barbara Lopez,Male,25,23,91.00%,93,90.00%,100,3,No,Medium,Bachelor's,Low,6,3,High,Medium,High,5,Low,106,Pass
Patricia Wilson,Male,20,21,73.00%,63,69.00%,94,1,Yes,Medium,PhD,Medium,9,7,High,High,High,2,Medium,108,Pass
Linda Smith,Female,22,14,57.00%,67,54.00%,93,2,Yes,High,Bachelor's,Low,8,6,Low,Low,Low,4,Low,96,Fail
Mary Smith,Male,22,22,71.00%,70,89.00%,63,3,Yes,Medium,Bachelor's,High,9,4,High,Medium,High,4,Low,85,Pass
William Lopez,Female,19,9,99.00%,67,97.00%,83,1,Yes,Medium,PhD,Medium,5,8,Medium,Medium,Low,0,Low,102,Pass
James Anderson,Female,19,5,85.00%,91,70.00%,77,1,No,High,Bachelor's,Medium,9,4,Low,Medium,Low,3,High,15,Pass
Susan Martinez,Male,25,12,70.00%,99,96.00%,94,3,Yes,High,PhD,Medium,6,7,Low,Medium,High,1,High,16,Pass
Joseph Garcia,Male,22,27,76.00%,98,84.00%,90,0,Yes,High,PhD,Low,5,2,Medium,High,Medium,5,High,78,Pass
Elizabeth Martinez,Female,22,5,56.00%,84,87.00%,54,1,Yes,High,Master's,High,9,8,Low,High,Low,3,Low,46,Pass
Jennifer Martinez,Male,21,30,98.00%,59,81.00%,62,1,Yes,Low,Bachelor's,Medium,7,2,Medium,Medium,Medium,3,High,96,Pass
Richard Wilson,Male,19,8,62.00%,62,50.00%,98,0,No,High,PhD,Low,9,2,High,High,High,3,High,12,Fail
Richard Gonzalez,Male,21,20,67.00%,90,68.00%,71,1,No,High,High School,Low,9,5,High,Medium,Low,0,Medium,117,Pass
Patricia Brown,Female,23,11,91.00%,63,70.00%,72,0,No,High,Master's,Low,9,4,High,Low,High,2,Medium,84,Pass
Susan Garcia,Female,23,28,94.00%,76,63.00%,86,1,No,High,Bachelor's,High,9,4,Medium,Low,Medium,0,Low,48,Pass
David Anderson,Female,19,30,52.00%,51,89.00%,76,3,No,Medium,PhD,Medium,5,5,Medium,Low,High,4,Medium,44,Fail
Jennifer Gonzalez,Male,19,10,51.00%,56,64.00%,77,3,No,High,PhD,Medium,8,2,Low,Low,High,1,High,11,Fail
William Miller,Female,21,25,67.00%,58,88.00%,60,1,No,Low,PhD,Medium,9,8,High,Low,Medium,4,Low,107,Pass
Susan Lopez,Female,19,13,70.00%,62,58.00%,53,0,Yes,Medium,PhD,High,4,6,High,Low,Low,1,Medium,118,Fail
David Gonzalez,Male,20,5,67.00%,55,75.00%,52,3,Yes,High,High School,Low,8,8,High,Medium,Low,4,Medium,18,Fail
Mary Anderson,Female,23,17,62.00%,90,95.00%,81,2,Yes,Low,PhD,High,6,4,Low,High,Medium,0,High,45,Pass
Jennifer Brown,Female,22,24,73.00%,84,64.00%,58,0,Yes,Medium,High School,Medium,7,5,Low,Low,Low,3,Low,98,Pass
David Johnson,Female,18,25,52.00%,56,99.00%,77,3,Yes,High,Master's,High,6,5,High,Low,High,1,High,71,Pass
Susan Martinez,Female,23,14,90.00%,70,50.00%,54,3,No,High,PhD,Low,4,1,Medium,Low,Medium,2,High,80,Pass
Robert Wilson,Female,21,7,79.00%,52,60.00%,95,3,Yes,Low,High School,Medium,8,7,High,High,Medium,4,Medium,67,Fail
William Anderson,Female,23,27,59.00%,53,61.00%,75,3,Yes,Low,High School,High,6,8,Low,High,Medium,4,Low,81,Fail
Richard Rodriguez,Female,25,7,89.00%,85,52.00%,84,0,Yes,Medium,PhD,Low,8,2,Low,Low,High,2,Medium,98,Pass
Susan Jones,Female,21,27,80.00%,83,59.00%,80,0,Yes,Low,Master's,Low,5,1,Low,Medium,High,2,High,55,Pass
Joseph Martinez,Male,24,30,66.00%,63,88.00%,95,0,Yes,High,PhD,Low,6,4,High,Low,Low,2,Medium,33,Pass
John Williams,Female,22,8,67.00%,100,61.00%,55,0,Yes,High,Bachelor's,Medium,7,7,High,Low,Medium,2,High,17,Pass
Linda Martinez,Male,25,13,52.00%,89,92.00%,87,0,No,High,Master's,Low,8,1,Medium,Medium,Low,4,High,18,Pass
Mary Smith,Male,22,28,65.00%,99,83.00%,64,1,No,High,Bachelor's,Medium,9,5,Low,Low,High,3,High,16,Pass
Susan Brown,Male,19,21,76.00%,92,50.00%,76,0,No,Low,High School,Low,6,1,Low,High,High,2,Medium,95,Pass
Jennifer Miller,Male,18,21,78.00%,69,100.00%,74,1,No,Medium,Master's,Medium,8,4,Medium,High,Medium,1,Low,74,Pass
Elizabeth Martinez,Female,18,20,79.00%,50,71.00%,84,3,Yes,Medium,Bachelor's,Low,5,2,Low,Medium,Medium,2,Low,115,Fail
Barbara Gonzalez,Female,22,13,88.00%,97,57.00%,53,1,No,Medium,Bachelor's,Low,9,3,Medium,Low,Low,1,Low,33,Pass
William Smith,Male,23,18,65.00%,82,67.00%,83,1,No,High,Master's,High,5,3,High,Low,Medium,1,Low,112,Pass
John Davis,Male,22,27,94.00%,91,87.00%,57,3,Yes,Medium,Bachelor's,Medium,8,5,Medium,Medium,Low,3,Low,68,Pass
Susan Rodriguez,Female,22,17,98.00%,93,90.00%,53,1,No,Medium,PhD,Medium,9,3,Low,Low,Medium,3,Medium,81,Pass
John Wilson,Male,21,16,79.00%,55,96.00%,75,3,Yes,Medium,Master's,High,7,7,Medium,Low,Medium,1,High,97,Pass
John Garcia,Female,20,18,97.00%,97,65.00%,86,3,No,High,PhD,High,6,6,Medium,Medium,Medium,4,High,45,Pass
Elizabeth Jones,Female,20,15,90.00%,57,91.00%,69,0,No,Low,Bachelor's,High,6,6,High,Low,Low,5,Low,31,Pass
Barbara Lopez,Male,18,13,82.00%,95,63.00%,89,2,Yes,High,PhD,Medium,6,4,Medium,Medium,High,2,Low,61,Pass
David Williams,Male,23,5,76.00%,86,72.00%,90,2,No,Low,High School,High,9,1,Medium,Medium,Low,2,Low,34,Pass
Michael Garcia,Female,25,5,56.00%,78,61.00%,55,2,No,High,High School,High,5,4,High,High,Medium,4,Medium,47,Pass
Patricia Rodriguez,Male,22,6,51.00%,50,78.00%,84,3,Yes,Low,PhD,Low,5,2,High,High,Medium,1,Medium,67,Fail
Michael Anderson,Male,19,12,54.00%,53,74.00%,71,1,No,Low,High School,Low,4,4,Medium,Low,Low,2,Low,111,Fail
Linda Miller,Male,25,28,69.00%,53,96.00%,79,1,Yes,High,Master's,High,9,6,High,Low,High,1,Low,74,Pass
William Williams,Female,22,18,61.00%,94,58.00%,85,1,Yes,High,High School,Low,5,3,Low,Medium,Medium,3,High,101,Pass
Robert Smith,Male,23,8,75.00%,97,74.00%,66,2,No,Low,PhD,Low,5,1,High,High,High,0,Medium,66,Pass
Patricia Brown,Female,19,17,88.00%,64,65.00%,56,3,No,High,High School,Medium,5,6,Medium,Low,High,0,Low,59,Pass
Barbara Martinez,Female,18,16,80.00%,67,75.00%,94,0,Yes,Medium,Bachelor's,Low,7,1,High,High,Medium,4,High,93,Pass
William Rodriguez,Male,20,15,62.00%,95,62.00%,64,2,No,High,PhD,Medium,5,5,High,Low,Medium,3,High,63,Pass
Robert Lopez,Male,21,5,52.00%,74,86.00%,90,0,Yes,Medium,PhD,Low,8,1,Low,High,Low,5,Low,60,Pass
Robert Brown,Female,21,23,67.00%,87,80.00%,60,2,No,Medium,Bachelor's,Low,5,3,Medium,Medium,High,0,Low,118,Pass
Linda Smith,Male,23,21,78.00%,52,71.00%,64,1,No,Low,High School,Medium,5,1,Low,Medium,High,4,Low,38,Pass
Joseph Jones,Female,18,18,72.00%,51,85.00%,65,1,Yes,High,PhD,High,7,2,Medium,Medium,Medium,4,High,24,Pass
William Miller,Female,22,23,86.00%,65,64.00%,100,2,No,Medium,Master's,Low,5,2,Medium,High,Medium,5,High,106,Pass
Mary Davis,Female,25,7,54.00%,55,84.00%,68,3,No,Medium,PhD,High,8,3,Low,Medium,Medium,5,Medium,69,Fail
Elizabeth Hernandez,Female,24,18,87.00%,58,60.00%,65,0,No,Medium,Master's,Low,7,2,Low,Medium,Medium,5,High,73,Pass
Jennifer Rodriguez,Female,20,26,78.00%,84,95.00%,90,3,No,High,PhD,High,7,4,Medium,High,High,1,High,57,Pass
Mary Jones,Male,22,22,62.00%,57,78.00%,89,2,No,High,Master's,Low,6,4,High,High,Low,5,Medium,72,Fail
Mary Hernandez,Female,20,21,53.00%,66,62.00%,78,3,Yes,Low,PhD,Medium,9,7,Low,High,High,5,Medium,66,Fail
Michael Martinez,Female,21,10,60.00%,59,69.00%,50,3,No,Medium,Bachelor's,High,4,1,Low,High,High,5,Low,27,Fail
Elizabeth Smith,Female,22,29,70.00%,64,97.00%,85,2,No,Medium,PhD,Low,9,2,Medium,Low,High,0,High,90,Pass
William Gonzalez,Female,24,15,81.00%,75,78.00%,88,0,Yes,Low,Master's,High,9,2,High,Medium,Medium,2,High,20,Pass
Patricia Brown,Male,18,20,90.00%,75,81.00%,60,1,Yes,Low,High School,Medium,4,4,High,Low,Medium,2,High,61,Pass
James Lopez,Male,20,9,83.00%,99,78.00%,91,1,No,Medium,Master's,Low,7,8,Low,High,High,4,High,19,Pass
William Davis,Female,25,24,72.00%,95,75.00%,64,0,No,Low,High School,Low,6,1,Low,Medium,Medium,1,High,61,Pass
Robert Hernandez,Female,24,21,54.00%,59,58.00%,95,3,No,High,Bachelor's,High,9,2,High,Low,Low,5,Medium,50,Fail
James Jones,Male,21,7,76.00%,96,74.00%,55,3,Yes,High,Bachelor's,Low,8,1,Medium,Low,Low,0,Medium,51,Pass
Elizabeth Miller,Female,18,27,55.00%,100,62.00%,67,3,Yes,Low,Master's,Low,9,5,Low,High,Low,2,High,13,Pass
David Martinez,Male,19,16,55.00%,84,57.00%,82,1,No,Medium,PhD,High,8,3,Medium,High,Low,1,Medium,94,Pass
John Brown,Female,18,5,86.00%,84,78.00%,75,2,Yes,Low,High School,High,4,5,Low,Medium,High,0,High,99,Pass
David Jones,Male,19,28,59.00%,50,97.00%,63,1,No,Medium,Bachelor's,Low,4,2,Medium,High,Medium,2,Low,12,Pass
Patricia Williams,Female,20,16,79.00%,73,90.00%,60,0,Yes,Low,Bachelor's,Medium,9,2,Low,Medium,Medium,3,Medium,117,Pass
Barbara Wilson,Male,22,26,69.00%,74,55.00%,68,0,No,Medium,Bachelor's,Medium,5,3,High,Medium,Low,2,High,52,Pass
Jennifer Williams,Male,24,25,62.00%,57,50.00%,83,1,Yes,Medium,High School,High,4,1,High,Low,High,3,Medium,103,Fail
Linda Davis,Female,22,27,58.00%,60,78.00%,75,3,Yes,Low,Bachelor's,High,8,5,Low,Medium,Low,0,High,114,Fail
Robert Smith,Male,24,22,92.00%,82,69.00%,71,2,No,Medium,High School,Low,4,3,Medium,Medium,High,1,Medium,86,Pass
Linda Smith,Male,22,20,57.00%,68,59.00%,95,3,Yes,High,High School,Medium,7,4,High,Medium,Medium,3,Medium,78,Fail
John Brown,Male,22,21,95.00%,75,91.00%,84,2,No,Medium,PhD,Low,9,6,Low,High,Medium,2,High,13,Pass
Linda Martinez,Male,22,16,70.00%,73,79.00%,65,1,No,Low,High School,High,6,3,Medium,Medium,Low,4,High,63,Pass
Barbara Jones,Female,24,16,80.00%,73,97.00%,70,3,Yes,Medium,High School,Medium,7,6,Medium,Medium,Low,3,High,24,Pass
William Martinez,Female,24,18,98.00%,83,99.00%,60,2,Yes,Low,Master's,Low,5,3,Medium,Medium,Low,1,High,61,Pass
Barbara Williams,Male,20,19,95.00%,99,72.00%,84,3,No,Low,Bachelor's,High,8,5,Medium,Low,Low,5,High,81,Pass
Michael Smith,Male,23,22,95.00%,63,62.00%,80,0,Yes,High,High School,Medium,4,8,High,Low,High,3,High,37,Pass
Susan Wilson,Female,18,24,65.00%,65,58.00%,59,2,No,Low,Bachelor's,Medium,8,3,Medium,High,Low,2,High,54,Fail
Richard Rodriguez,Male,19,17,96.00%,68,58.00%,74,3,Yes,Low,PhD,High,6,8,High,Medium,High,2,Low,71,Pass
David Miller,Male,19,25,62.00%,98,94.00%,55,2,No,Low,Bachelor's,Medium,7,7,Low,High,High,1,Low,65,Pass
William Gonzalez,Female,23,10,56.00%,96,50.00%,76,3,Yes,Medium,Master's,Low,6,5,Medium,High,Medium,4,Low,16,Pass
William Smith,Female,21,21,61.00%,85,88.00%,58,1,No,Low,High School,Low,4,3,Medium,Medium,High,1,High,97,Pass
William Johnson,Female,23,24,68.00%,84,61.00%,66,3,Yes,High,PhD,Medium,6,3,High,High,High,2,Low,64,Pass
David Gonzalez,Male,22,27,97.00%,93,98.00%,60,0,Yes,Medium,Master's,Medium,5,5,Medium,Medium,Low,1,High,74,Pass
James Miller,Male,23,14,52.00%,100,61.00%,58,3,Yes,High,PhD,Medium,7,7,High,Low,Medium,1,Low,114,Pass
James Jones,Male,20,20,98.00%,79,79.00%,52,2,No,High,Master's,Low,8,1,Medium,High,Low,3,Low,113,Pass
David Williams,Male,24,30,56.00%,99,97.00%,89,2,No,Low,PhD,Medium,4,1,Low,Medium,Medium,0,Low,25,Pass
John Martinez,Female,24,19,78.00%,91,91.00%,90,3,No,Low,Master's,High,7,6,Medium,Medium,Low,1,Medium,21,Pass
Joseph Smith,Female,18,15,72.00%,50,72.00%,96,2,Yes,High,Master's,Low,5,6,High,High,Medium,1,High,26,Fail
Patricia Johnson,Female,23,11,97.00%,83,89.00%,73,1,Yes,Low,Bachelor's,High,7,1,High,Medium,Low,1,Medium,96,Pass
David Gonzalez,Male,24,10,83.00%,82,98.00%,59,1,No,Low,Master's,Medium,4,5,High,Low,High,4,Low,100,Pass
Susan Rodriguez,Female,18,26,73.00%,64,90.00%,62,2,No,Low,Bachelor's,Medium,7,4,Medium,Medium,Medium,0,Low,45,Pass
Robert Hernandez,Male,23,23,57.00%,53,91.00%,78,2,No,Medium,High School,Medium,5,7,Low,Low,Medium,3,Low,81,Pass
Linda Johnson,Male,18,19,84.00%,60,52.00%,73,3,No,Low,PhD,Medium,9,5,Medium,High,Medium,3,Low,79,Fail
William Davis,Male,23,11,84.00%,99,53.00%,61,2,Yes,High,Bachelor's,Low,6,4,High,Medium,Medium,2,Medium,50,Pass
Patricia Smith,Female,19,12,61.00%,55,61.00%,87,0,No,Low,PhD,Medium,6,5,Medium,Low,Medium,4,Low,72,Fail
John Smith,Female,20,29,64.00%,56,64.00%,70,3,No,Low,PhD,Low,4,6,Medium,High,Low,2,Low,54,Fail
Elizabeth Johnson,Male,24,23,72.00%,53,81.00%,85,0,Yes,Low,PhD,High,8,5,Low,Low,High,3,Medium,89,Pass
Michael Gonzalez,Male,21,25,75.00%,84,96.00%,83,2,Yes,Low,Master's,Low,4,4,High,Medium,Medium,2,Low,45,Pass
Mary Anderson,Male,23,25,90.00%,52,76.00%,94,1,Yes,Medium,PhD,High,4,3,Low,Low,Low,4,Low,27,Pass
Jennifer Martinez,Female,21,21,52.00%,100,57.00%,81,1,Yes,High,Bachelor's,Low,6,6,Medium,Low,Medium,0,High,115,Pass
William Williams,Female,19,6,57.00%,58,68.00%,80,3,No,High,Master's,Low,4,5,High,High,Medium,2,Low,107,Fail
Jennifer Williams,Female,25,11,92.00%,85,60.00%,71,2,Yes,Low,PhD,Low,5,5,High,Low,High,3,Low,82,Pass
James Lopez,Female,21,29,87.00%,58,64.00%,67,0,Yes,High,Master's,Medium,5,5,Medium,Medium,Medium,5,Medium,26,Pass
Linda Garcia,Female,20,14,60.00%,77,55.00%,53,1,Yes,Low,PhD,High,6,7,Low,Medium,Medium,0,High,97,Pass
Richard Williams,Female,20,23,50.00%,76,55.00%,73,1,No,Medium,Master's,Medium,5,4,High,Medium,Medium,1,Medium,52,Fail
Richard Anderson,Male,21,26,92.00%,95,71.00%,62,3,Yes,Medium,PhD,Medium,4,7,Low,Low,Low,0,Low,100,Pass
Susan Smith,Male,21,23,65.00%,89,83.00%,50,1,No,High,Master's,Low,8,5,High,Medium,Medium,4,Medium,26,Pass
Elizabeth Wilson,Female,24,21,80.00%,65,86.00%,99,3,No,Low,Master's,Low,7,8,Low,High,High,5,High,61,Pass
Patricia Jones,Male,20,27,63.00%,85,75.00%,88,1,Yes,Low,PhD,Low,5,1,Low,Medium,High,2,Medium,12,Pass
Barbara Davis,Male,18,11,82.00%,51,51.00%,68,3,No,High,PhD,High,7,6,Low,Low,Low,4,High,33,Fail
Patricia Jones,Female,25,15,97.00%,77,65.00%,53,3,No,High,Bachelor's,Low,6,6,Medium,Low,Low,5,Medium,10,Pass
Patricia Garcia,Female,19,9,89.00%,71,54.00%,71,3,Yes,High,Bachelor's,Medium,8,5,Low,Low,High,4,Low,35,Pass
Robert Johnson,Female,23,24,52.00%,76,94.00%,77,2,No,High,Master's,High,4,8,High,High,Medium,1,High,65,Pass
William Garcia,Female,18,15,55.00%,96,71.00%,100,1,Yes,Low,Bachelor's,High,5,2,High,High,High,4,Low,43,Pass
Richard Lopez,Female,22,20,53.00%,67,73.00%,95,1,Yes,High,PhD,Low,7,7,Low,High,Medium,0,Low,10,Fail
David Garcia,Female,18,12,85.00%,51,94.00%,100,0,Yes,Medium,Master's,High,7,8,High,Medium,Low,0,High,63,Pass
Richard Miller,Male,21,28,89.00%,81,96.00%,86,3,No,Low,Bachelor's,Medium,9,4,High,High,Medium,4,High,67,Pass
Linda Johnson,Male,18,20,79.00%,74,63.00%,98,1,No,High,PhD,High,8,4,Medium,High,High,5,Medium,54,Pass
Richard Johnson,Female,20,10,93.00%,86,95.00%,69,1,No,High,PhD,High,5,4,Low,Medium,High,5,Medium,74,Pass
John Gonzalez,Female,24,24,59.00%,67,85.00%,55,3,No,Medium,PhD,Medium,7,1,High,Medium,Medium,2,Low,67,Pass
Richard Wilson,Female,25,17,92.00%,64,50.00%,58,1,Yes,Low,Master's,Medium,9,2,Low,Low,Low,0,Medium,111,Pass
David Gonzalez,Male,18,11,90.00%,83,76.00%,65,1,No,Medium,Master's,High,4,8,High,High,Medium,3,Medium,112,Pass
David Smith,Female,23,6,85.00%,69,78.00%,91,2,Yes,High,PhD,Low,7,3,High,Medium,High,2,High,69,Pass
Patricia Smith,Male,21,14,58.00%,62,84.00%,84,1,No,High,PhD,High,4,2,Medium,High,Medium,2,Low,29,Pass
Joseph Johnson,Male,25,6,71.00%,57,75.00%,90,2,Yes,Medium,Master's,Low,9,8,Low,Low,Medium,3,High,87,Pass
Richard Davis,Male,22,28,59.00%,52,74.00%,97,2,Yes,Medium,High School,Medium,8,2,High,High,High,5,Medium,18,Fail
Patricia Gonzalez,Female,22,30,92.00%,65,71.00%,55,3,No,Low,Bachelor's,High,4,6,Medium,Low,High,5,High,20,Pass
James Jones,Male,23,30,78.00%,83,59.00%,94,2,No,High,High School,High,6,3,Low,Low,Medium,1,High,76,Pass
Barbara Johnson,Female,19,9,53.00%,78,73.00%,93,0,Yes,Low,High School,Low,4,4,Low,High,Medium,0,Low,76,Pass
Richard Hernandez,Male,21,19,61.00%,52,75.00%,94,0,No,High,Bachelor's,High,6,6,Low,Low,Low,4,Low,89,Fail
Mary Hernandez,Female,23,15,95.00%,78,90.00%,62,1,Yes,Medium,Bachelor's,Medium,4,3,Low,High,High,1,Low,71,Pass
James Wilson,Female,22,16,63.00%,56,62.00%,100,3,Yes,High,Bachelor's,Low,6,3,High,Medium,High,0,Low,57,Fail
Susan Brown,Male,23,9,97.00%,58,72.00%,64,1,No,Medium,PhD,High,4,2,Medium,Medium,Low,5,Medium,91,Pass
William Wilson,Male,22,8,52.00%,79,71.00%,56,3,No,Medium,High School,Medium,6,8,Low,Low,Medium,0,High,20,Pass
Robert Hernandez,Male,22,13,100.00%,66,78.00%,96,1,No,Low,Bachelor's,Low,8,8,Low,Low,Low,0,Medium,117,Pass
Barbara Smith,Male,21,16,84.00%,87,57.00%,59,0,Yes,Medium,High School,High,6,3,Medium,High,High,5,High,42,Pass
Elizabeth Garcia,Male,21,12,89.00%,72,56.00%,70,3,Yes,Low,High School,High,9,5,High,Low,Low,1,High,37,Pass
Patricia Brown,Male,22,17,57.00%,66,96.00%,94,2,Yes,High,High School,Medium,9,1,Medium,Medium,Low,0,Low,65,Pass
James Brown,Female,23,29,98.00%,65,86.00%,100,0,No,Low,PhD,High,7,6,High,Medium,High,4,Medium,71,Pass
Barbara Wilson,Female,24,20,69.00%,86,70.00%,51,1,Yes,Low,Master's,Low,7,7,Medium,Medium,Low,5,Medium,88,Pass
Jennifer Smith,Male,24,27,97.00%,78,75.00%,95,2,Yes,Medium,Master's,Low,9,2,Medium,High,Low,3,Medium,69,Pass
Jennifer Davis,Male,18,23,63.00%,94,74.00%,71,0,Yes,Medium,Bachelor's,High,7,8,Low,Medium,Low,3,Low,54,Pass
Mary Garcia,Female,23,22,81.00%,76,55.00%,56,2,No,Medium,Bachelor's,Medium,4,2,High,High,Medium,3,Low,94,Pass
John Brown,Male,21,5,96.00%,66,92.00%,78,3,No,Medium,Bachelor's,High,7,1,Low,High,Low,4,Low,32,Pass
Robert Hernandez,Female,24,15,66.00%,66,81.00%,82,2,Yes,Medium,High School,Low,6,8,High,Medium,Low,1,High,33,Pass
John Hernandez,Female,25,7,82.00%,82,64.00%,86,1,Yes,Low,PhD,Medium,7,7,High,Medium,Medium,5,Low,48,Pass
Mary Davis,Female,24,9,51.00%,66,67.00%,54,3,No,High,High School,Medium,4,2,High,Medium,Low,4,High,67,Fail
Richard Brown,Female,23,18,71.00%,77,73.00%,90,2,No,Medium,Bachelor's,Low,5,8,High,Low,Low,4,High,76,Pass
Linda Rodriguez,Female,23,16,84.00%,98,67.00%,51,3,Yes,Low,PhD,Low,9,6,Low,Low,High,0,Medium,72,Pass
William Jones,Female,18,11,84.00%,84,53.00%,93,2,No,Medium,PhD,High,8,3,Low,Low,High,0,Medium,56,Pass
James Miller,Male,21,5,89.00%,53,71.00%,79,1,No,Low,Master's,High,5,5,High,High,High,0,Low,26,Pass
Jennifer Davis,Female,23,5,54.00%,57,84.00%,70,0,No,Low,Bachelor's,Medium,7,1,Medium,Low,High,2,Low,50,Fail
Jennifer Smith,Female,19,5,54.00%,94,62.00%,65,1,No,Low,PhD,Medium,9,3,Medium,Low,Low,4,Low,18,Pass
Barbara Lopez,Female,24,13,94.00%,92,69.00%,70,0,No,Low,High School,Medium,5,8,High,Low,High,2,Low,80,Pass
Linda Hernandez,Male,21,27,72.00%,54,72.00%,52,1,Yes,Low,High School,Medium,6,3,Medium,Medium,Medium,3,High,87,Fail
John Johnson,Male,18,21,98.00%,83,59.00%,96,3,No,High,Bachelor's,Low,4,2,Low,High,Medium,3,Medium,107,Pass
Joseph Gonzalez,Male,24,21,88.00%,61,75.00%,55,0,Yes,High,Master's,High,8,6,Low,Low,Low,0,Medium,120,Pass
Robert Smith,Male,23,26,97.00%,52,72.00%,95,2,No,High,High School,Medium,8,7,Medium,High,High,0,Low,85,Pass
Robert Lopez,Female,22,7,59.00%,52,90.00%,52,3,Yes,High,PhD,Medium,4,7,High,Medium,Medium,2,Medium,83,Pass
Jennifer Davis,Male,23,7,68.00%,76,82.00%,60,3,No,High,Master's,Medium,8,8,High,High,Low,4,Low,92,Pass
Robert Johnson,Male,23,29,91.00%,55,98.00%,96,0,No,Medium,Master's,Medium,9,3,Low,Medium,Low,1,Low,32,Pass
John Williams,Female,19,27,67.00%,79,82.00%,95,0,No,High,Bachelor's,High,6,1,Medium,High,Low,2,Low,69,Pass
Elizabeth Jones,Male,23,29,69.00%,100,59.00%,93,1,No,High,Master's,Low,6,8,Medium,Medium,Medium,2,High,32,Pass
Susan Johnson,Male,18,20,96.00%,97,72.00%,79,1,Yes,Medium,High School,High,7,7,Low,Low,Medium,2,Medium,32,Pass
Michael Smith,Male,24,22,78.00%,77,69.00%,64,3,Yes,Low,High School,Low,9,5,Low,Low,Medium,3,High,73,Pass
Patricia Williams,Female,23,21,76.00%,67,58.00%,92,2,Yes,Low,Bachelor's,Low,7,7,Medium,Medium,Medium,4,High,107,Pass
Mary Anderson,Male,20,25,72.00%,69,61.00%,58,0,No,High,Bachelor's,High,4,2,Low,Medium,Medium,2,Medium,65,Pass
Elizabeth Jones,Male,19,26,50.00%,97,72.00%,68,0,No,Low,Master's,Medium,8,4,High,Medium,High,3,Low,100,Pass
Elizabeth Brown,Female,22,19,74.00%,91,98.00%,78,3,No,Medium,High School,Low,6,8,Low,Low,Low,4,Medium,113,Pass
James Anderson,Female,20,7,60.00%,71,60.00%,61,2,Yes,Medium,High School,High,8,8,Low,High,Low,3,High,61,Fail
William Williams,Female,20,28,96.00%,91,100.00%,74,0,Yes,Low,Bachelor's,High,7,1,Low,Low,High,2,High,98,Pass
James Martinez,Male,23,5,80.00%,64,50.00%,96,0,No,High,Bachelor's,High,9,1,Medium,Low,Medium,0,Low,116,Fail
David Lopez,Male,24,20,55.00%,72,89.00%,69,0,No,High,High School,Low,8,6,Low,High,High,3,Low,24,Pass
Patricia Smith,Female,18,22,74.00%,64,92.00%,74,2,No,Low,Bachelor's,Low,9,5,High,Medium,High,1,High,96,Pass
Jennifer Hernandez,Female,25,18,91.00%,62,95.00%,66,1,Yes,Medium,PhD,Low,9,2,Low,High,High,3,Medium,77,Pass
William Rodriguez,Female,20,16,59.00%,78,54.00%,84,3,Yes,Low,Bachelor's,Low,5,6,Low,High,Low,5,Low,82,Pass
James Rodriguez,Female,21,29,84.00%,91,61.00%,57,0,No,High,Bachelor's,Low,8,7,Medium,High,High,2,Medium,50,Pass
James Brown,Male,23,29,92.00%,58,88.00%,75,2,Yes,Medium,PhD,High,7,1,Low,High,High,2,Low,111,Pass
Richard Brown,Male,22,20,51.00%,97,51.00%,84,2,Yes,Medium,Bachelor's,Medium,9,7,High,Low,Low,0,Low,30,Pass
Joseph Martinez,Female,21,12,72.00%,83,84.00%,61,2,No,High,High School,Low,4,8,Low,Low,Low,2,High,79,Pass
Susan Gonzalez,Female,20,18,69.00%,89,94.00%,87,3,Yes,Low,Bachelor's,High,6,6,Low,Medium,Medium,2,High,84,Pass
Robert Garcia,Male,19,22,96.00%,96,63.00%,54,3,Yes,Medium,Bachelor's,High,9,4,Medium,Low,High,3,High,84,Pass
Michael Miller,Female,23,19,70.00%,66,73.00%,83,2,Yes,Low,Bachelor's,Medium,9,4,High,Low,High,5,Medium,84,Pass
William Smith,Male,18,16,94.00%,60,92.00%,76,2,Yes,Medium,PhD,High,9,4,Low,High,Medium,5,Medium,64,Pass
John Martinez,Male,24,18,67.00%,51,74.00%,59,0,Yes,Low,Master's,Low,9,7,Medium,Low,Low,0,High,104,Fail
John Smith,Female,25,18,64.00%,100,90.00%,67,3,Yes,Low,High School,High,4,8,High,Low,Medium,4,High,68,Pass
David Davis,Female,20,14,64.00%,65,73.00%,50,3,Yes,High,High School,Low,7,1,Medium,Low,Low,4,High,82,Pass
Jennifer Smith,Female,22,29,64.00%,78,70.00%,93,2,Yes,Low,Master's,Low,6,6,Low,Medium,High,2,High,102,Pass
Barbara Miller,Male,20,28,66.00%,64,71.00%,67,0,Yes,High,PhD,Low,4,5,High,Medium,Low,0,High,50,Pass
Susan Anderson,Female,21,12,97.00%,91,57.00%,97,0,Yes,Low,Bachelor's,High,8,4,Low,Low,Low,0,High,51,Pass
Susan Smith,Female,24,6,62.00%,52,56.00%,61,1,No,High,Bachelor's,High,8,5,Low,High,Medium,0,Medium,103,Fail
John Wilson,Female,19,26,69.00%,59,94.00%,60,0,No,Low,Master's,Low,8,7,Low,Low,High,0,Low,57,Pass
Barbara Jones,Female,23,9,89.00%,51,54.00%,74,0,No,Medium,Bachelor's,Medium,4,4,Low,Medium,Medium,2,High,78,Fail
Michael Martinez,Female,25,19,73.00%,93,51.00%,65,3,No,High,PhD,Low,7,1,Medium,Low,High,2,Low,66,Pass
Linda Johnson,Female,18,8,56.00%,55,84.00%,90,0,No,Low,Bachelor's,High,6,1,Medium,Low,Medium,4,Low,10,Fail
Patricia Hernandez,Female,21,26,80.00%,80,62.00%,91,3,No,High,Bachelor's,Low,4,3,High,Medium,High,1,Medium,14,Pass
Robert Johnson,Female,22,19,58.00%,98,95.00%,70,0,Yes,Low,High School,High,9,3,Low,High,Medium,5,High,117,Pass
Linda Williams,Male,24,21,83.00%,65,87.00%,92,1,No,Medium,Master's,Low,8,1,Low,Medium,Medium,1,High,103,Pass
Patricia Jones,Female,19,9,93.00%,91,92.00%,54,0,Yes,Low,Bachelor's,Low,6,7,Low,Low,Low,3,Medium,56,Pass
Jennifer Gonzalez,Female,21,28,76.00%,64,54.00%,52,2,Yes,Low,Bachelor's,High,9,3,Medium,High,Medium,2,Medium,113,Fail
Elizabeth Brown,Male,20,17,51.00%,91,90.00%,61,1,Yes,High,Bachelor's,High,9,7,Low,High,Low,1,Medium,30,Pass
Susan Johnson,Female,22,22,82.00%,74,60.00%,78,0,Yes,Low,High School,Medium,6,5,Medium,Medium,Medium,0,Medium,82,Pass
Joseph Wilson,Female,18,26,95.00%,73,98.00%,53,0,Yes,High,Master's,High,9,5,Medium,Low,Medium,1,Medium,107,Pass
Susan Lopez,Female,19,9,86.00%,71,78.00%,63,2,No,High,High School,Low,7,3,Low,High,High,0,Medium,37,Pass
Linda Miller,Female,18,22,95.00%,81,75.00%,67,1,Yes,High,PhD,Low,6,1,High,High,Medium,0,High,65,Pass
James Lopez,Female,24,14,51.00%,99,50.00%,94,2,Yes,Low,PhD,Medium,6,1,High,Medium,Low,4,High,14,Pass
Elizabeth Anderson,Female,20,7,51.00%,55,66.00%,77,2,No,Medium,Master's,Low,9,8,Medium,Medium,Low,5,Medium,75,Fail
Barbara Garcia,Male,23,22,98.00%,72,93.00%,63,1,Yes,High,High School,Medium,9,4,High,Medium,Medium,5,High,37,Pass
Joseph Smith,Male,22,26,98.00%,98,84.00%,57,3,Yes,High,High School,Medium,5,8,Low,High,Medium,2,High,68,Pass
Michael Wilson,Female,22,7,89.00%,77,60.00%,65,2,Yes,Low,PhD,High,6,2,Medium,Low,High,5,High,73,Pass
James Jones,Male,20,27,68.00%,97,59.00%,54,1,Yes,Medium,Bachelor's,High,9,7,High,High,Low,1,High,36,Pass
Joseph Wilson,Male,21,7,97.00%,92,64.00%,70,1,Yes,Low,Bachelor's,Low,4,4,Medium,High,Low,4,Medium,60,Pass
Susan Williams,Male,24,6,77.00%,72,75.00%,90,1,Yes,Low,High School,High,8,3,Low,High,Low,5,Medium,22,Pass
John Miller,Female,25,30,53.00%,76,79.00%,97,3,Yes,High,High School,Low,4,6,Medium,Low,High,4,Medium,60,Pass
William Jones,Female,21,18,51.00%,84,82.00%,53,0,No,Low,Bachelor's,High,9,6,High,Medium,Medium,0,Low,20,Pass
Joseph Johnson,Male,22,17,68.00%,61,80.00%,63,2,No,High,Bachelor's,Low,9,4,Low,High,High,0,Medium,97,Pass
William Brown,Female,22,14,96.00%,56,72.00%,52,2,No,Low,Bachelor's,High,5,3,High,Medium,High,4,High,12,Pass
Richard Gonzalez,Female,24,14,69.00%,57,91.00%,82,3,No,Low,High School,Medium,9,2,Medium,Medium,High,2,Low,112,Pass
Susan Rodriguez,Male,21,14,59.00%,79,93.00%,82,2,Yes,High,Bachelor's,Low,6,7,High,Low,Medium,2,Medium,48,Pass
Joseph Jones,Female,22,8,63.00%,56,77.00%,76,0,Yes,Medium,Bachelor's,Medium,8,6,Low,Medium,Medium,0,Medium,82,Fail
Patricia Martinez,Male,21,25,65.00%,61,61.00%,100,1,No,Low,High School,Medium,7,7,Medium,Low,Medium,0,Low,71,Fail
Linda Hernandez,Female,21,7,69.00%,85,71.00%,90,2,No,Medium,Master's,Low,8,7,Low,Low,Medium,5,Medium,71,Pass
Michael Johnson,Female,20,15,84.00%,63,69.00%,88,3,Yes,High,High School,High,8,3,High,Low,Low,3,Medium,59,Pass
Susan Hernandez,Female,25,28,94.00%,98,90.00%,73,1,No,Low,Bachelor's,Low,8,7,Low,Low,Medium,2,Medium,42,Pass
Robert Rodriguez,Female,19,14,90.00%,100,50.00%,84,0,Yes,Medium,Master's,Low,9,5,Medium,Medium,Low,4,High,93,Pass
Linda Jones,Male,22,30,54.00%,89,94.00%,77,0,Yes,High,High School,Low,4,2,Low,High,High,4,Medium,90,Pass
John Johnson,Male,19,20,65.00%,76,61.00%,73,3,No,Low,Master's,Medium,4,2,Medium,High,Low,1,Medium,72,Pass
David Hernandez,Male,18,18,99.00%,91,92.00%,67,1,Yes,Low,Bachelor's,Medium,5,1,Low,Medium,Medium,4,Medium,65,Pass
Jennifer Lopez,Male,20,9,54.00%,83,94.00%,98,0,Yes,High,Bachelor's,High,4,7,Low,High,Medium,2,Medium,81,Pass
Elizabeth Brown,Female,25,25,70.00%,57,81.00%,93,1,Yes,Low,High School,Low,4,3,Medium,Medium,Medium,0,High,20,Pass
Michael Lopez,Male,18,6,73.00%,84,61.00%,99,3,Yes,Medium,Master's,Low,6,4,Medium,Medium,Medium,0,High,10,Pass
Mary Wilson,Female,22,27,65.00%,100,69.00%,84,3,No,High,PhD,Low,6,1,Medium,Medium,Low,3,High,26,Pass
Linda Davis,Female,18,6,72.00%,80,100.00%,82,2,No,Low,Bachelor's,Medium,6,5,Low,High,Medium,2,Low,89,Pass
David Anderson,Female,23,15,59.00%,93,97.00%,90,0,Yes,Medium,High School,Low,4,7,Medium,High,High,4,High,20,Pass
John Davis,Female,18,8,89.00%,88,73.00%,66,0,No,High,High School,Low,7,3,Low,Medium,Low,2,Low,114,Pass
Michael Brown,Male,22,7,60.00%,69,79.00%,83,0,Yes,Low,Master's,Medium,9,8,Medium,Medium,Low,5,Low,23,Pass
Elizabeth Rodriguez,Female,20,19,58.00%,97,78.00%,95,3,No,Low,Master's,Medium,7,7,Medium,Medium,High,1,Medium,89,Pass
Jennifer Wilson,Male,19,8,68.00%,54,61.00%,95,3,Yes,Low,Master's,High,8,1,Medium,High,Low,4,High,101,Fail
William Anderson,Female,22,16,62.00%,51,82.00%,84,3,Yes,High,Master's,Low,8,1,High,High,Low,5,Low,15,Fail
Patricia Brown,Male,24,18,70.00%,51,91.00%,61,1,No,High,Master's,Medium,6,3,Low,High,High,5,Medium,42,Pass
Richard Anderson,Male,22,11,58.00%,60,71.00%,65,0,No,High,High School,High,6,1,Medium,Medium,Low,0,Low,103,Fail
Richard Williams,Female,21,15,89.00%,63,51.00%,69,0,No,Medium,PhD,High,9,4,High,High,Low,4,High,107,Pass
Susan Brown,Male,18,27,54.00%,60,57.00%,83,1,No,Medium,High School,High,7,4,High,High,Medium,4,High,33,Fail
Richard Lopez,Female,22,5,80.00%,79,94.00%,100,3,No,High,Master's,Low,5,2,High,Medium,High,5,High,76,Pass
David Rodriguez,Female,19,5,64.00%,68,78.00%,52,0,No,Low,PhD,Medium,9,5,High,Medium,Medium,2,Medium,101,Pass
William Johnson,Female,21,6,62.00%,66,96.00%,64,1,Yes,Medium,Bachelor's,Medium,9,4,Low,Medium,High,3,High,48,Pass
Joseph Williams,Male,24,19,91.00%,80,78.00%,91,0,Yes,Medium,High School,Low,9,3,Medium,Low,Low,1,Low,73,Pass
Jennifer Johnson,Male,25,14,68.00%,85,71.00%,85,3,Yes,High,PhD,Low,7,6,High,High,Low,0,High,60,Pass
David Johnson,Female,24,12,92.00%,86,60.00%,64,1,Yes,High,Bachelor's,Medium,7,6,Medium,Medium,High,5,High,21,Pass
Susan Brown,Male,21,8,60.00%,99,75.00%,55,0,Yes,Low,Bachelor's,High,4,7,High,Medium,High,0,Low,26,Pass
Michael Hernandez,Female,19,12,54.00%,77,76.00%,97,1,Yes,High,High School,Medium,6,8,High,Low,Low,0,Medium,109,Pass
James Smith,Female,23,19,66.00%,85,68.00%,96,1,Yes,Medium,PhD,High,8,2,Medium,Low,Low,2,Low,117,Pass
Linda Lopez,Female,23,18,99.00%,52,92.00%,98,3,Yes,Medium,Master's,Medium,5,3,High,High,Medium,4,Low,35,Pass
Susan Hernandez,Male,24,19,54.00%,98,83.00%,85,2,Yes,Medium,Bachelor's,Low,7,4,Medium,Low,Low,0,High,113,Pass
David Miller,Male,18,13,76.00%,74,70.00%,75,3,No,Low,Bachelor's,High,9,3,Medium,High,High,5,Medium,81,Pass
Barbara Garcia,Male,21,17,96.00%,63,80.00%,59,1,No,High,Bachelor's,Low,8,8,High,Medium,High,5,Low,100,Pass
James Miller,Male,21,5,67.00%,71,87.00%,62,1,No,Medium,Bachelor's,Low,5,2,Medium,Low,High,1,High,111,Pass
John Davis,Male,25,28,99.00%,76,68.00%,60,3,Yes,High,High School,Low,7,6,High,High,Low,0,Low,60,Pass
Jennifer Miller,Male,18,18,60.00%,67,60.00%,90,1,Yes,Medium,Bachelor's,Medium,9,1,Medium,Medium,Low,2,High,54,Fail
Barbara Rodriguez,Female,22,6,61.00%,70,96.00%,54,1,Yes,Low,Bachelor's,Low,9,3,High,Low,High,4,Medium,15,Pass
William Gonzalez,Female,19,10,68.00%,75,87.00%,78,1,Yes,Low,Bachelor's,High,4,5,Medium,Medium,Low,4,Low,68,Pass
Barbara Rodriguez,Male,24,7,66.00%,92,97.00%,53,1,Yes,High,High School,Medium,9,5,Medium,High,High,4,Low,79,Pass
Susan Wilson,Female,24,9,88.00%,54,98.00%,96,0,No,Medium,PhD,Low,6,4,Medium,High,High,1,Low,51,Pass
Joseph Jones,Female,23,11,54.00%,69,52.00%,94,3,Yes,Low,Master's,Medium,8,6,Medium,Low,Medium,2,Low,39,Fail
Linda Johnson,Female,21,29,100.00%,89,85.00%,69,1,Yes,Low,Master's,Low,9,7,High,High,High,3,Medium,95,Pass
Susan Wilson,Male,22,7,74.00%,81,89.00%,70,0,Yes,Medium,High School,Low,9,3,High,High,Medium,4,High,44,Pass
James Miller,Female,21,11,66.00%,63,67.00%,55,3,No,Low,Bachelor's,Low,4,5,Medium,Medium,Low,1,Low,58,Pass
Susan Davis,Female,22,13,90.00%,74,82.00%,59,1,Yes,Low,High School,Medium,6,6,Medium,Medium,High,2,High,42,Pass
James Jones,Female,25,23,63.00%,90,100.00%,96,0,No,High,High School,Medium,5,3,Medium,Medium,High,2,Low,49,Pass
Richard Miller,Female,20,22,57.00%,78,53.00%,71,2,No,Medium,Master's,Low,9,5,High,Low,Medium,4,High,115,Fail
David Wilson,Male,19,11,89.00%,56,54.00%,61,1,No,Low,Bachelor's,High,6,6,High,Low,Medium,3,Low,107,Pass
Elizabeth Brown,Male,25,23,57.00%,85,57.00%,88,2,Yes,Medium,High School,Medium,7,1,Medium,Low,Low,5,Low,92,Pass
Patricia Brown,Female,25,26,83.00%,58,67.00%,58,0,Yes,Medium,Bachelor's,High,4,7,Low,Low,Low,2,High,89,Pass
Jennifer Lopez,Male,22,8,98.00%,79,65.00%,79,3,Yes,High,High School,Low,8,8,Medium,High,Medium,0,Medium,50,Pass
Joseph Miller,Male,21,30,85.00%,75,76.00%,59,2,No,High,Master's,High,8,3,Low,Low,High,1,High,32,Pass
David Brown,Male,18,12,67.00%,67,93.00%,66,3,No,High,Bachelor's,Medium,4,4,Medium,High,High,3,Low,48,Pass
Linda Miller,Female,24,11,89.00%,55,63.00%,58,1,No,Medium,Bachelor's,High,4,7,High,Medium,Low,0,High,73,Pass
Susan Jones,Female,22,7,56.00%,82,89.00%,97,2,Yes,Low,PhD,Medium,9,3,High,High,Low,0,Medium,119,Pass
John Garcia,Female,23,11,76.00%,82,78.00%,51,2,Yes,Medium,Bachelor's,Low,4,8,Medium,Medium,High,4,Low,102,Pass
James Rodriguez,Female,18,6,79.00%,52,57.00%,85,1,Yes,Low,Bachelor's,Low,6,5,Low,High,Low,1,High,71,Fail
Richard Rodriguez,Male,25,10,99.00%,56,68.00%,89,2,Yes,High,PhD,Medium,5,1,High,Low,High,5,Low,15,Pass
Richard Lopez,Female,21,30,78.00%,69,58.00%,98,3,No,High,PhD,High,4,6,Low,High,Low,2,Medium,23,Pass
Barbara Gonzalez,Female,21,8,94.00%,94,85.00%,81,2,No,Low,Master's,Medium,7,8,High,Low,Low,4,Low,10,Pass
Linda Johnson,Male,19,5,77.00%,62,83.00%,89,1,No,Medium,High School,High,5,4,High,High,Low,3,High,41,Pass
William Johnson,Male,24,9,71.00%,99,82.00%,70,0,No,Low,PhD,Medium,5,4,High,Low,Medium,2,High,37,Pass
James Miller,Female,25,18,68.00%,56,97.00%,58,2,No,Low,Master's,Low,9,2,High,Medium,High,5,Low,98,Pass
Robert Brown,Female,19,29,55.00%,58,70.00%,88,0,No,Low,PhD,Medium,4,3,Medium,Low,High,4,High,59,Fail
David Gonzalez,Female,20,21,50.00%,82,82.00%,57,2,Yes,High,Master's,Low,7,7,High,Low,Medium,1,Low,61,Pass
Susan Martinez,Female,21,20,98.00%,64,65.00%,63,3,Yes,Medium,Master's,Medium,4,8,Medium,High,High,3,High,73,Pass
James Johnson,Female,24,10,90.00%,97,88.00%,81,1,No,Medium,PhD,Medium,6,5,High,Medium,High,5,Low,41,Pass
Richard Jones,Female,19,27,57.00%,98,58.00%,54,0,No,High,PhD,High,7,5,High,Medium,Medium,4,Medium,48,Pass
Linda Gonzalez,Male,18,23,99.00%,71,100.00%,84,2,No,Low,Master's,Low,5,3,Medium,Low,Low,0,High,59,Pass
David Jones,Female,18,11,78.00%,53,55.00%,62,3,No,Low,Bachelor's,Low,4,2,Low,Medium,High,3,High,20,Fail
James Anderson,Female,19,17,52.00%,79,56.00%,73,2,Yes,Low,Master's,High,5,5,High,Medium,Medium,0,Low,36,Fail
Joseph Johnson,Female,20,28,67.00%,63,63.00%,75,3,Yes,High,Bachelor's,Medium,5,6,Medium,Medium,Low,2,Medium,117,Fail
Joseph Wilson,Male,25,8,69.00%,57,83.00%,58,2,No,Low,High School,Medium,9,1,Low,High,High,5,Low,10,Pass
Joseph Williams,Male,25,18,80.00%,57,62.00%,97,3,Yes,Medium,Master's,High,5,1,High,High,Low,3,Medium,13,Pass
Patricia Brown,Male,18,19,67.00%,67,97.00%,82,0,No,High,PhD,High,4,5,High,Medium,Low,4,Medium,13,Pass
Susan Hernandez,Male,19,24,61.00%,72,62.00%,76,1,Yes,Low,High School,High,7,7,High,High,High,5,High,90,Pass
Robert Lopez,Female,22,19,90.00%,87,51.00%,71,3,No,High,PhD,Low,6,7,Low,Medium,Low,2,High,69,Pass
John Smith,Male,19,6,91.00%,78,89.00%,62,3,Yes,Low,PhD,Low,7,1,High,Low,Medium,3,Low,113,Pass
John Davis,Male,25,7,66.00%,85,87.00%,92,1,Yes,Medium,PhD,Medium,7,1,Medium,High,High,5,High,102,Pass
Linda Davis,Female,25,10,64.00%,87,98.00%,52,3,No,High,High School,Low,7,7,Low,Medium,Low,3,Medium,17,Pass
Richard Miller,Male,18,11,90.00%,51,73.00%,80,3,Yes,High,PhD,Medium,6,8,Medium,Low,High,5,Medium,51,Pass
Mary Wilson,Male,22,21,76.00%,71,52.00%,95,3,Yes,Low,Master's,Low,7,5,High,Low,High,0,Low,88,Pass
Patricia Miller,Male,23,8,97.00%,86,96.00%,55,1,Yes,Low,High School,Medium,8,6,Medium,Low,High,2,High,91,Pass
Patricia Anderson,Male,25,17,65.00%,70,52.00%,83,1,No,Medium,Master's,Low,6,5,High,Medium,Low,1,Low,62,Fail
James Garcia,Male,23,9,65.00%,81,91.00%,96,2,No,Low,High School,Medium,5,8,Medium,Low,High,0,Low,43,Pass
Susan Hernandez,Male,18,17,66.00%,87,69.00%,94,1,No,Low,Master's,Low,5,5,High,Medium,Low,5,Medium,57,Pass
Barbara Anderson,Male,18,19,71.00%,72,63.00%,98,0,Yes,Low,Master's,Low,4,5,High,Medium,Low,0,Low,20,Pass
Susan Martinez,Male,23,10,85.00%,70,72.00%,89,0,Yes,Medium,High School,Medium,6,1,Medium,High,Medium,4,Low,88,Pass
Linda Jones,Male,23,10,98.00%,58,79.00%,83,1,Yes,Medium,Bachelor's,Low,5,2,Low,Medium,Medium,4,Medium,91,Pass
Patricia Garcia,Female,24,12,84.00%,72,66.00%,89,3,Yes,Low,Bachelor's,Medium,8,2,Low,Medium,Medium,5,High,41,Pass
Richard Smith,Male,23,27,65.00%,79,52.00%,100,0,No,Low,PhD,High,7,8,Medium,High,High,5,Low,17,Pass
Robert Wilson,Female,19,21,68.00%,57,95.00%,54,2,Yes,Medium,Master's,Low,9,6,Medium,High,Medium,1,High,74,Pass
Michael Anderson,Female,18,12,57.00%,53,62.00%,76,0,Yes,High,Bachelor's,Low,6,1,Medium,Low,Low,3,Medium,118,Fail
Richard Johnson,Male,18,5,80.00%,91,70.00%,59,1,Yes,High,Master's,High,5,4,High,Low,Low,2,Medium,30,Pass
Richard Williams,Female,22,25,51.00%,87,69.00%,100,1,No,Medium,Bachelor's,Medium,6,5,High,Low,High,5,Medium,74,Pass
Linda Williams,Male,20,12,62.00%,76,57.00%,57,0,No,Medium,Bachelor's,Low,4,2,Medium,High,Medium,4,High,42,Pass
Robert Anderson,Female,19,30,97.00%,76,81.00%,55,3,Yes,Medium,Master's,High,7,4,Low,High,Low,3,High,116,Pass
Richard Jones,Male,19,21,87.00%,51,61.00%,86,1,No,High,High School,Medium,9,8,Low,Low,High,1,Medium,57,Fail
Richard Miller,Female,20,9,95.00%,93,71.00%,80,0,No,Low,Bachelor's,High,5,5,Low,High,Low,5,Low,56,Pass
Elizabeth Hernandez,Female,21,20,80.00%,57,94.00%,92,3,Yes,High,High School,Low,8,5,Medium,Medium,High,1,Medium,42,Pass
Joseph Anderson,Male,19,17,69.00%,70,83.00%,95,3,No,High,Master's,Medium,5,8,Low,High,Medium,3,Low,45,Pass
William Brown,Male,20,16,50.00%,66,87.00%,85,0,Yes,Medium,PhD,Low,8,5,High,Medium,Medium,4,Medium,115,Pass
Joseph Hernandez,Male,18,27,94.00%,59,95.00%,71,1,Yes,High,Bachelor's,Medium,9,6,Low,High,Low,0,Low,77,Pass
William Gonzalez,Female,20,11,65.00%,76,97.00%,91,0,No,Low,High School,High,7,2,High,High,Medium,4,Low,40,Pass
John Lopez,Female,25,9,97.00%,97,71.00%,90,2,No,Low,PhD,Medium,9,4,Low,Medium,Low,3,Medium,117,Pass
Elizabeth Davis,Female,22,8,71.00%,91,76.00%,74,0,Yes,High,Bachelor's,Medium,8,4,Medium,Low,High,5,Low,87,Pass
Mary Gonzalez,Female,23,16,51.00%,55,55.00%,88,1,Yes,Medium,Bachelor's,Medium,6,8,High,High,High,5,High,12,Fail
John Brown,Female,23,22,69.00%,93,82.00%,85,2,No,Medium,High School,Low,6,3,High,Low,Medium,0,Medium,94,Pass
Joseph Martinez,Male,20,25,91.00%,86,91.00%,76,3,Yes,Medium,Bachelor's,Low,8,3,Low,Low,Medium,3,Medium,111,Pass
Elizabeth Davis,Male,23,27,96.00%,50,88.00%,51,0,No,Low,High School,High,7,1,High,High,Medium,2,High,68,Pass
Mary Rodriguez,Male,20,23,60.00%,51,74.00%,59,0,Yes,Medium,High School,High,4,5,Medium,Medium,Low,5,Medium,26,Fail
Michael Miller,Female,25,10,52.00%,73,75.00%,64,2,No,High,PhD,Medium,4,3,Medium,Low,Low,3,High,69,Pass
James Smith,Female,22,17,51.00%,97,57.00%,69,1,No,Medium,PhD,High,4,2,Low,Medium,High,1,High,37,Pass
Robert Rodriguez,Male,21,17,64.00%,78,64.00%,58,1,No,High,High School,Medium,7,2,Medium,High,Medium,2,High,91,Pass
Elizabeth Wilson,Male,22,6,92.00%,81,91.00%,70,2,Yes,Medium,PhD,Medium,6,2,Low,High,Low,0,Medium,49,Pass
James Jones,Female,22,28,98.00%,74,92.00%,69,3,Yes,High,Master's,Low,6,7,High,High,Low,3,Medium,39,Pass
Jennifer Anderson,Female,23,29,51.00%,65,54.00%,52,0,Yes,High,High School,Medium,7,1,High,Medium,High,0,Medium,20,Fail
Jennifer Davis,Male,18,25,75.00%,72,69.00%,61,3,Yes,Low,High School,Medium,4,7,Medium,Medium,High,1,Low,64,Pass
Barbara Wilson,Female,19,7,85.00%,84,50.00%,76,2,Yes,High,PhD,Low,7,2,Low,Low,High,1,High,83,Pass
Joseph Davis,Female,21,20,51.00%,91,92.00%,55,1,No,High,Master's,Low,6,1,Medium,High,Low,2,Medium,19,Pass
James Wilson,Female,25,22,56.00%,97,63.00%,73,2,Yes,High,PhD,High,5,7,Medium,Low,Medium,1,Low,40,Pass
John Hernandez,Female,20,12,71.00%,78,91.00%,88,1,Yes,High,High School,Medium,9,3,Medium,Medium,Medium,5,High,110,Pass
Jennifer Anderson,Male,24,7,93.00%,59,56.00%,57,3,No,High,Master's,Medium,5,6,Low,High,Low,1,Low,78,Pass
William Davis,Male,21,25,92.00%,62,60.00%,67,2,No,High,PhD,Medium,7,6,Medium,Low,High,4,Low,83,Pass
Richard Williams,Female,24,20,68.00%,86,99.00%,82,2,No,Low,Bachelor's,Low,6,1,Medium,Medium,High,2,High,80,Pass
Jennifer Hernandez,Male,23,24,81.00%,89,68.00%,57,2,No,Low,Bachelor's,Low,9,5,Medium,Low,Low,3,Low,20,Pass
Linda Rodriguez,Female,22,29,89.00%,67,94.00%,77,2,No,Low,High School,High,4,7,Medium,Medium,High,4,High,90,Pass
Jennifer Jones,Female,21,5,79.00%,87,52.00%,86,1,No,Low,High School,High,5,8,Medium,Medium,High,1,Medium,13,Pass
Susan Martinez,Male,24,17,88.00%,79,98.00%,63,1,Yes,High,High School,Medium,8,4,High,Low,High,5,Low,107,Pass
William Smith,Female,22,9,56.00%,90,50.00%,85,3,No,Medium,Master's,High,4,1,Low,Medium,High,2,Medium,91,Pass
Patricia Williams,Male,19,30,70.00%,50,64.00%,77,2,Yes,Medium,Bachelor's,High,9,3,Medium,High,Low,1,High,43,Fail
Susan Jones,Female,20,9,88.00%,74,78.00%,97,2,No,High,Master's,High,7,3,High,Medium,High,1,Medium,21,Pass
David Smith,Female,19,11,78.00%,93,68.00%,80,0,No,Low,Master's,Low,7,8,Low,Low,High,4,Medium,15,Pass
Richard Martinez,Male,18,16,97.00%,60,80.00%,94,2,Yes,Low,Bachelor's,High,7,2,High,Low,High,0,Low,86,Pass
Richard Jones,Female,23,14,79.00%,74,71.00%,80,3,No,Low,Master's,Low,5,8,Medium,Medium,High,0,Low,87,Pass
Barbara Anderson,Male,22,22,80.00%,88,86.00%,74,2,No,Medium,PhD,Medium,4,2,High,Low,Medium,2,Low,100,Pass
Elizabeth Rodriguez,Male,22,11,62.00%,58,53.00%,93,2,Yes,High,Bachelor's,Low,5,3,High,Low,High,5,Medium,87,Fail
Linda Jones,Male,18,15,89.00%,68,78.00%,55,2,No,Low,Master's,High,4,7,High,Medium,Low,2,Low,109,Pass
Mary Smith,Female,25,10,51.00%,98,77.00%,87,3,No,Medium,High School,Medium,4,8,High,Medium,High,0,Low,43,Pass
Richard Smith,Male,20,9,66.00%,80,62.00%,56,3,Yes,High,PhD,Medium,9,8,Medium,Low,High,2,Medium,27,Pass
Barbara Hernandez,Female,24,12,85.00%,77,50.00%,82,1,Yes,Medium,High School,Medium,9,1,Medium,Medium,Low,2,High,28,Pass
Linda Anderson,Male,24,21,76.00%,60,92.00%,66,1,Yes,Low,High School,Low,4,1,Low,Low,High,4,High,85,Pass
William Wilson,Female,20,17,100.00%,70,71.00%,79,3,No,Medium,PhD,Medium,7,6,High,Medium,Medium,1,Low,102,Pass
Mary Hernandez,Female,25,5,77.00%,88,71.00%,86,0,No,Low,PhD,High,4,8,Medium,Low,High,0,Low,19,Pass
Elizabeth Wilson,Male,25,30,85.00%,99,90.00%,68,3,Yes,High,Bachelor's,High,6,3,High,High,Medium,2,Low,57,Pass
John Lopez,Male,19,19,95.00%,79,90.00%,64,0,Yes,Low,High School,High,5,8,Medium,Low,Low,0,High,67,Pass
David Garcia,Male,19,28,70.00%,88,79.00%,72,0,Yes,Medium,Master's,Low,9,7,Low,Low,High,2,High,116,Pass
John Jones,Female,19,21,55.00%,98,81.00%,58,0,Yes,Low,Master's,Medium,8,3,Low,Low,Medium,0,Low,106,Pass
David Davis,Male,23,10,50.00%,74,74.00%,97,0,No,Low,Master's,Low,6,1,Medium,Medium,High,5,Low,51,Pass
Mary Gonzalez,Female,18,26,83.00%,73,82.00%,75,3,Yes,Low,High School,High,9,3,Low,Medium,High,4,High,106,Pass
Elizabeth Miller,Male,24,7,65.00%,53,77.00%,89,2,No,Low,High School,Medium,9,4,Medium,Low,High,4,Low,67,Fail
Robert Miller,Male,23,24,97.00%,82,75.00%,71,0,No,High,High School,Medium,9,2,Low,High,High,5,High,112,Pass
Jennifer Lopez,Male,20,6,63.00%,62,84.00%,87,1,No,Low,Master's,Low,9,3,High,Medium,Low,3,Low,50,Pass
Joseph Rodriguez,Male,22,10,92.00%,82,87.00%,84,3,Yes,Medium,PhD,Medium,5,4,Medium,High,Medium,5,High,32,Pass
Michael Johnson,Male,22,25,98.00%,84,58.00%,58,2,Yes,Medium,High School,High,9,4,Medium,Medium,Low,4,Medium,12,Pass
John Smith,Female,21,19,80.00%,96,78.00%,73,2,No,Low,PhD,Medium,6,1,High,High,Low,2,Low,64,Pass
David Garcia,Female,19,23,73.00%,61,58.00%,54,1,No,Low,PhD,High,6,8,Medium,Medium,High,4,Low,73,Fail
Susan Lopez,Female,22,10,60.00%,66,73.00%,50,0,Yes,Medium,Bachelor's,High,8,7,High,Low,High,4,High,72,Pass
Patricia Hernandez,Male,23,5,86.00%,84,90.00%,67,0,No,High,High School,Medium,9,8,Low,High,Medium,0,Medium,85,Pass
Elizabeth Rodriguez,Male,25,30,66.00%,83,88.00%,66,2,No,High,PhD,High,6,1,Low,High,Low,4,Medium,17,Pass
Susan Brown,Male,24,27,61.00%,60,71.00%,56,1,No,High,PhD,Medium,6,7,Low,Medium,Medium,0,High,63,Fail
Susan Martinez,Male,22,13,53.00%,91,52.00%,80,2,Yes,Medium,High School,Medium,6,6,High,Medium,Low,5,Medium,104,Pass
Richard Wilson,Male,20,11,82.00%,97,72.00%,89,2,No,Low,PhD,Low,7,3,High,Low,High,2,Low,61,Pass
James Gonzalez,Female,25,14,56.00%,95,69.00%,51,1,No,Medium,Bachelor's,Medium,4,6,Medium,High,Low,1,Medium,102,Pass
Patricia Gonzalez,Female,24,15,54.00%,51,65.00%,90,1,No,High,Master's,High,7,7,Low,High,Low,5,Low,104,Fail
Michael Wilson,Male,21,17,59.00%,87,66.00%,89,2,Yes,Medium,Bachelor's,High,8,1,High,Medium,Low,0,High,115,Pass
Robert Johnson,Male,21,21,84.00%,60,86.00%,50,3,No,Low,PhD,High,6,6,Low,Medium,High,4,Low,51,Pass
Patricia Smith,Female,18,22,88.00%,51,90.00%,65,2,Yes,Low,PhD,High,8,1,Low,High,Medium,1,High,49,Pass
William Lopez,Female,20,9,81.00%,50,53.00%,83,0,Yes,High,High School,Low,7,5,Medium,Medium,High,4,Low,23,Fail
James Williams,Female,25,6,56.00%,73,81.00%,50,3,No,High,Master's,Medium,7,4,Medium,Medium,High,5,Low,39,Pass
David Davis,Female,20,12,95.00%,61,59.00%,59,0,Yes,Low,Bachelor's,High,8,7,High,Low,Medium,3,Medium,69,Pass
Joseph Hernandez,Male,21,11,53.00%,97,75.00%,57,0,Yes,High,PhD,Low,9,7,Medium,Medium,High,4,Medium,54,Pass
John Rodriguez,Male,22,20,85.00%,63,56.00%,76,0,No,High,High School,Medium,4,8,Medium,High,Medium,2,Medium,52,Pass
Patricia Lopez,Female,22,12,57.00%,76,72.00%,99,2,No,High,Master's,Medium,4,3,Medium,High,Low,1,Medium,73,Pass
John Doe,Male,18,15,75.00%,86,68.00%,52,0,No,High,PhD,Medium,5,1,Medium,High,Low,2,Low,19,Pass
George Costanza,Female,18,26,62.00%,89,88.00%,96,1,No,Medium,PhD,Low,5,2,High,High,High,2,Medium,41,Fail
Hannah Abbott,Female,18,27,78.00%,52,52.00%,73,3,No,Low,Master's,Medium,10,7,Medium,Medium,High,2,Medium,106,Fail
Evan Wright,Male,21,8,64.00%,89,97.00%,85,3,No,Medium,Bachelor's,Medium,4,7,Medium,Medium,High,5,Medium,13,Fail
Evan Wright,Female,18,30,81.00%,56,78.00%,78,3,No,Medium,Master's,Low,9,1,Medium,Medium,Low,5,Medium,37,Pass
Hannah Abbott,Male,22,32,85.00%,85,91.00%,72,0,No,High,Bachelor's,Low,6,5,High,Low,Low,0,High,46,Pass
Jane Doe,Female,24,15,100.00%,81,88.00%,75,2,Yes,High,PhD,Medium,8,7,Low,High,High,0,Medium,43,Fail
Bob Smith,Female,24,9,56.00%,95,89.00%,57,2,No,High,High School,Medium,10,7,High,Medium,Medium,0,High,77,Fail
Evan Wright,Female,24,5,74.00%,86,52.00%,53,0,Yes,High,High School,Medium,4,6,Low,High,High,5,Medium,96,Fail
Evan Wright,Male,20,3,83.00%,52,87.00%,63,3,No,Low,High School,Medium,7,6,Medium,High,High,0,Low,83,Pass
Bob Smith,Male,20,17,92.00%,89,62.00%,61,2,No,High,PhD,Medium,6,6,High,Low,High,5,Low,93,Pass
Evan Wright,Male,18,2,73.00%,80,72.00%,96,3,No,Low,High School,Low,9,2,Low,High,Low,5,Low,42,Fail
Jane Doe,Male,25,22,62.00%,63,92.00%,98,1,Yes,Medium,Bachelor's,Low,6,1,High,Medium,Low,2,Medium,106,Fail
John Doe,Female,22,14,55.00%,81,83.00%,88,0,No,High,PhD,Medium,8,1,High,Low,Medium,1,Low,28,Pass
Evan Wright,Female,20,18,86.00%,54,57.00%,100,1,No,High,Bachelor's,Medium,8,2,Low,Low,Medium,4,Medium,30,Fail
Jane Doe,Male,18,3,70.00%,78,93.00%,57,2,No,Low,Master's,High,9,2,High,Medium,High,2,High,67,Fail
Alice Johnson,Female,22,25,91.00%,90,54.00%,86,0,No,Medium,High School,Medium,4,5,Low,High,Low,2,Medium,24,Pass
Fiona Gallagher,Male,21,11,92.00%,77,88.00%,69,1,No,Low,High School,Medium,7,4,Low,High,High,0,Low,118,Fail
George Costanza,Male,24,25,82.00%,97,51.00%,80,3,No,High,PhD,Low,5,7,Medium,High,Low,2,Medium,42,Pass
George Costanza,Male,20,36,72.00%,96,92.00%,69,0,No,High,PhD,High,7,2,Low,Medium,Low,2,Medium,55,Fail
John Doe,Female,23,2,57.00%,94,68.00%,74,1,No,Medium,PhD,Low,10,6,High,Medium,Medium,5,Low,17,Fail
Alice Johnson,Male,18,28,98.00%,63,75.00%,55,2,Yes,Medium,Master's,High,4,6,High,Medium,High,5,Medium,89,Pass
Bob Smith,Male,18,20,91.00%,89,74.00%,61,3,No,Low,PhD,Medium,9,3,High,High,Medium,0,High,51,Fail
Jane Doe,Male,24,16,74.00%,78,55.00%,82,0,Yes,Medium,PhD,High,8,3,Low,High,High,2,Medium,98,Pass
Fiona Gallagher,Male,25,7,57.00%,86,64.00%,57,1,No,Medium,Bachelor's,Low,4,6,High,Low,Low,2,Medium,111,Fail
Fiona Gallagher,Female,22,0,55.00%,93,78.00%,54,2,Yes,Low,Bachelor's,Low,10,8,High,Low,Medium,0,Medium,49,Fail
John Doe,Male,18,4,64.00%,94,94.00%,80,2,No,Medium,Bachelor's,High,9,4,High,High,Medium,5,Medium,79,Pass
George Costanza,Male,18,3,74.00%,52,64.00%,51,0,No,Low,Bachelor's,High,8,1,High,Low,High,3,High,20,Fail
Hannah Abbott,Male,22,28,60.00%,66,58.00%,62,0,Yes,Low,High School,High,4,3,Low,Medium,High,2,High,31,Pass
George Costanza,Male,23,28,68.00%,60,60.00%,79,3,Yes,Low,High School,High,5,5,High,Medium,Medium,1,Medium,89,Pass
Jane Doe,Female,18,2,70.00%,91,95.00%,97,0,Yes,High,High School,Medium,9,6,Medium,High,Low,1,High,119,Fail
John Doe,Male,24,27,94.00%,77,69.00%,93,3,No,Low,Bachelor's,Medium,10,6,Medium,High,Low,4,Medium,58,Fail
Diana Prince,Male,23,10,98.00%,61,65.00%,82,1,No,High,High School,Medium,5,2,Medium,Low,High,5,Low,99,Pass
Diana Prince,Male,21,2,86.00%,89,57.00%,100,3,No,Low,PhD,High,5,2,Medium,High,High,4,Low,107,Pass
George Costanza,Female,21,40,85.00%,88,51.00%,77,3,Yes,Medium,Master's,High,6,7,Low,Medium,High,2,Low,76,Fail
George Costanza,Female,21,31,91.00%,96,86.00%,100,2,Yes,High,Bachelor's,High,9,3,Low,Low,Low,4,Medium,10,Pass
Fiona Gallagher,Male,24,4,81.00%,59,80.00%,83,1,No,Low,Bachelor's,Medium,6,2,Low,Low,Low,3,High,15,Fail
Fiona Gallagher,Male,22,18,68.00%,66,71.00%,68,3,No,Low,PhD,Medium,6,3,Low,Low,Medium,1,High,105,Pass
George Costanza,Female,19,32,93.00%,71,92.00%,57,3,No,Medium,PhD,Medium,4,7,Low,Low,High,2,Low,57,Fail
Evan Wright,Female,20,1,80.00%,83,83.00%,62,0,Yes,Low,PhD,Low,5,4,Low,Low,Medium,4,High,111,Pass
Charlie Brown,Male,18,8,62.00%,87,81.00%,51,0,Yes,High,Master's,Low,6,4,Medium,Low,Low,0,High,105,Pass
Alice Johnson,Male,22,16,97.00%,79,96.00%,56,3,Yes,Low,Master's,Low,7,3,High,Low,Medium,1,High,10,Fail
Jane Doe,Female,21,8,85.00%,70,90.00%,65,3,Yes,Medium,Bachelor's,Low,7,6,High,Medium,Medium,4,Medium,102,Pass
Charlie Brown,Male,19,28,99.00%,96,65.00%,86,3,Yes,High,PhD,Medium,9,8,Medium,Medium,High,2,Low,83,Pass
George Costanza,Male,21,1,66.00%,93,99.00%,52,3,Yes,High,Master's,Low,5,6,Low,Medium,Low,0,Low,13,Fail
Bob Smith,Male,24,21,69.00%,60,58.00%,96,3,No,Low,Bachelor's,Low,5,2,Medium,Medium,Medium,3,High,80,Pass
Alice Johnson,Male,21,37,100.00%,56,60.00%,53,1,Yes,Medium,High School,High,6,1,Low,High,High,2,High,82,Pass
George Costanza,Female,22,14,83.00%,77,87.00%,85,2,No,Medium,Master's,Medium,5,6,Low,Medium,Medium,2,High,17,Pass
John Doe,Female,22,38,96.00%,82,55.00%,72,2,No,Low,High School,Low,8,6,Low,High,Low,5,Low,96,Pass
Bob Smith,Male,25,18,89.00%,99,56.00%,53,1,No,Medium,High School,Medium,7,3,High,High,Medium,2,High,119,Pass
Hannah Abbott,Female,23,25,78.00%,64,64.00%,58,1,No,Medium,PhD,High,6,7,Medium,Low,Low,0,Medium,110,Pass
John Doe,Male,19,11,51.00%,79,58.00%,59,2,No,Low,PhD,Low,6,5,Medium,Low,High,3,Low,13,Fail
John Doe,Female,25,19,85.00%,74,88.00%,71,1,Yes,Medium,PhD,High,5,5,Medium,Medium,High,1,High,87,Pass
Evan Wright,Female,25,10,76.00%,80,80.00%,92,1,No,Medium,Bachelor's,High,7,6,Low,Low,Low,1,Medium,88,Fail
Fiona Gallagher,Male,21,6,96.00%,55,95.00%,91,1,Yes,Medium,PhD,Medium,8,8,Low,High,Medium,5,Low,46,Fail
Charlie Brown,Female,23,2,76.00%,78,72.00%,55,0,Yes,Medium,Bachelor's,Medium,10,5,Medium,High,Low,3,Low,78,Pass
John Doe,Male,25,11,100.00%,80,60.00%,97,0,Yes,High,Bachelor's,High,8,1,High,Low,Low,2,High,109,Fail
Bob Smith,Male,23,33,72.00%,71,76.00%,95,2,Yes,Low,PhD,High,7,5,Low,Medium,Low,4,Medium,66,Fail
Hannah Abbott,Female,21,8,91.00%,56,65.00%,85,1,Yes,High,High School,Medium,8,7,High,High,Low,2,Low,113,Fail
Hannah Abbott,Male,23,6,53.00%,83,87.00%,94,0,No,Low,Bachelor's,Medium,8,4,Medium,Medium,Low,5,Medium,89,Fail
John Doe,Female,18,38,55.00%,57,79.00%,98,3,Yes,Medium,Bachelor's,Low,4,3,High,Medium,High,5,Medium,46,Pass
John Doe,Female,22,28,69.00%,81,62.00%,78,3,No,Medium,PhD,Low,9,2,Low,High,Low,3,Low,48,Pass
Evan Wright,Female,20,27,81.00%,75,96.00%,99,2,Yes,Medium,PhD,High,10,1,Low,High,Medium,1,Low,97,Fail
George Costanza,Male,19,0,96.00%,84,89.00%,75,3,No,Low,PhD,High,10,6,High,Medium,Medium,4,Medium,82,Pass
Diana Prince,Female,25,14,84.00%,60,96.00%,71,1,Yes,Low,Master's,Medium,9,4,Medium,Low,Low,1,High,38,Fail
Jane Doe,Male,19,3,72.00%,96,89.00%,90,1,Yes,High,PhD,High,5,8,Low,High,High,5,Medium,98,Pass
Jane Doe,Female,19,2,100.00%,96,64.00%,89,2,Yes,Low,Master's,Low,4,5,Low,Low,Medium,0,Low,29,Pass
Hannah Abbott,Female,21,7,87.00%,78,69.00%,67,2,No,Low,PhD,High,6,1,Medium,Medium,Low,5,Low,114,Fail
Bob Smith,Male,24,39,76.00%,74,78.00%,84,2,Yes,Medium,Master's,High,7,4,High,Low,High,5,High,51,Pass
Jane Doe,Male,19,36,85.00%,94,84.00%,95,2,Yes,Low,PhD,Medium,7,1,Medium,High,Low,2,High,14,Fail
Jane Doe,Male,23,12,87.00%,69,58.00%,72,0,Yes,High,High School,High,6,1,Low,Medium,Low,3,Low,114,Fail
Charlie Brown,Female,20,27,51.00%,59,93.00%,59,2,Yes,High,High School,Low,6,8,Medium,Medium,Medium,1,Low,105,Fail
Evan Wright,Male,20,33,51.00%,94,61.00%,90,0,Yes,Low,Master's,Low,6,1,High,High,High,1,Low,42,Fail
Evan Wright,Female,19,20,65.00%,92,92.00%,83,3,Yes,Medium,Master's,Low,5,1,Low,High,Medium,4,Medium,85,Fail
George Costanza,Male,24,27,57.00%,71,97.00%,66,2,No,Medium,Bachelor's,Low,10,1,Medium,Medium,High,2,Low,63,Fail
Fiona Gallagher,Female,19,11,64.00%,66,54.00%,87,0,No,Low,PhD,Low,9,6,High,High,High,0,Low,72,Pass
Bob Smith,Male,21,15,97.00%,54,69.00%,75,1,Yes,Low,PhD,Medium,6,2,High,Low,Medium,4,Low,13,Pass
Hannah Abbott,Female,24,10,60.00%,59,86.00%,55,3,No,Medium,Master's,Medium,9,5,Low,High,Medium,5,Medium,44,Fail
John Doe,Female,22,30,67.00%,52,72.00%,71,3,Yes,Medium,Master's,High,6,2,High,Low,Low,1,Medium,96,Pass
Evan Wright,Female,18,13,84.00%,57,86.00%,89,2,No,Low,PhD,High,4,1,Low,High,Medium,3,Medium,66,Pass
Evan Wright,Female,19,34,94.00%,98,91.00%,96,3,No,Medium,High School,Low,5,1,Low,Low,Low,0,Low,97,Fail
John Doe,Female,18,21,75.00%,83,70.00%,58,2,No,High,High School,Low,4,7,High,Medium,Low,4,Medium,66,Fail
George Costanza,Male,23,12,65.00%,85,95.00%,95,1,Yes,Medium,High School,Medium,7,8,Medium,Low,Low,1,High,82,Fail
Evan Wright,Male,23,0,98.00%,59,65.00%,61,3,Yes,Low,PhD,Low,8,2,High,Medium,Low,1,Medium,103,Pass
Jane Doe,Male,20,36,61.00%,71,68.00%,73,0,No,Medium,Master's,High,5,8,Medium,Medium,High,5,High,27,Fail
Evan Wright,Male,21,20,53.00%,60,97.00%,90,3,No,High,Master's,Low,5,5,High,Medium,Medium,0,Medium,29,Fail
John Doe,Female,24,36,60.00%,70,61.00%,67,3,Yes,Low,Bachelor's,High,5,1,High,Medium,Medium,4,Medium,113,Pass
Alice Johnson,Male,24,28,54.00%,86,94.00%,91,3,Yes,Medium,Master's,Low,4,2,Low,Medium,High,4,High,59,Pass
Diana Prince,Male,23,12,50.00%,65,86.00%,62,3,Yes,High,Master's,Low,8,6,High,Low,High,5,High,40,Pass
Hannah Abbott,Male,24,21,80.00%,69,59.00%,67,0,Yes,High,High School,High,6,5,Low,Medium,Low,4,Low,112,Fail
Jane Doe,Female,23,20,51.00%,95,66.00%,80,1,No,Medium,High School,Low,4,5,Medium,Low,High,4,Medium,13,Pass
Hannah Abbott,Male,24,39,53.00%,91,78.00%,64,0,Yes,Medium,Bachelor's,High,10,4,Medium,Medium,Low,3,Medium,92,Fail
Evan Wright,Female,18,29,58.00%,100,56.00%,82,0,No,Medium,Bachelor's,Medium,7,7,High,Medium,High,1,Low,53,Fail
George Costanza,Male,19,11,92.00%,55,84.00%,96,0,Yes,Low,Master's,Low,10,6,Medium,High,Medium,1,Medium,18,Fail
John Doe,Female,25,8,99.00%,51,73.00%,100,3,No,High,PhD,Low,5,5,High,High,Low,3,High,62,Pass
Fiona Gallagher,Male,20,27,72.00%,51,83.00%,85,2,No,Medium,Bachelor's,Low,9,7,Medium,High,Low,4,High,66,Pass
Jane Doe,Female,18,21,56.00%,50,81.00%,61,3,Yes,High,Master's,Low,10,5,Low,Medium,High,0,Low,11,Fail
Hannah Abbott,Female,25,16,61.00%,82,88.00%,65,0,No,Medium,PhD,High,9,8,High,Medium,Medium,0,High,96,Pass
Bob Smith,Female,22,7,88.00%,69,83.00%,74,2,Yes,Medium,PhD,Low,4,2,Medium,High,Low,5,Medium,116,Fail
Fiona Gallagher,Male,19,15,77.00%,79,51.00%,79,3,No,Low,Master's,High,8,8,High,Medium,Low,3,Low,114,Pass
Alice Johnson,Male,24,37,53.00%,54,95.00%,86,0,Yes,Low,High School,Low,5,6,Low,Low,Medium,1,Low,28,Pass
Diana Prince,Male,20,13,58.00%,82,95.00%,94,3,Yes,Medium,PhD,Low,9,2,Low,Low,Low,4,High,115,Pass
Fiona Gallagher,Female,18,35,80.00%,98,57.00%,70,2,No,Medium,High School,High,6,3,Medium,High,Medium,3,Medium,115,Pass
Diana Prince,Female,18,40,54.00%,52,73.00%,86,1,Yes,Low,Bachelor's,Low,9,8,Medium,Low,Medium,5,Low,34,Fail
John Doe,Female,18,21,77.00%,83,53.00%,67,3,No,Medium,Bachelor's,Low,10,1,Low,Low,High,2,Low,26,Pass
Hannah Abbott,Male,21,22,94.00%,81,98.00%,97,0,No,High,PhD,Low,8,2,Medium,Low,High,4,High,100,Pass
Jane Doe,Female,18,30,89.00%,67,75.00%,56,3,Yes,High,PhD,High,7,5,High,Low,Medium,5,Low,110,Fail
Evan Wright,Female,18,26,83.00%,75,65.00%,75,2,Yes,High,Master's,High,9,2,Low,Low,High,2,Low,105,Pass
Hannah Abbott,Female,18,0,94.00%,69,73.00%,73,3,No,Low,PhD,Medium,6,7,Medium,Medium,High,3,Low,115,Pass
Charlie Brown,Male,22,6,75.00%,71,84.00%,58,3,Yes,Low,Master's,Low,8,8,Low,Low,Medium,0,High,106,Fail
Jane Doe,Female,19,4,81.00%,57,86.00%,98,3,Yes,Low,Master's,High,4,3,Low,Medium,High,0,Low,50,Pass
Fiona Gallagher,Male,21,25,76.00%,100,73.00%,88,3,Yes,High,Bachelor's,High,5,2,Medium,Low,Medium,3,High,73,Pass
Evan Wright,Female,24,23,51.00%,84,72.00%,95,2,No,Low,PhD,Medium,9,8,Low,High,Low,2,High,96,Pass
Charlie Brown,Male,23,23,98.00%,99,56.00%,81,0,No,High,PhD,Medium,9,7,High,Medium,Low,1,Medium,93,Pass
John Doe,Male,20,13,96.00%,91,85.00%,51,2,No,High,PhD,Low,5,4,Low,High,High,0,Medium,44,Pass
Bob Smith,Male,21,16,51.00%,80,65.00%,93,0,Yes,Medium,Master's,High,9,4,High,Low,Low,2,High,54,Pass
Charlie Brown,Female,25,19,68.00%,54,62.00%,95,2,No,High,Master's,High,8,4,Medium,Low,High,0,Low,112,Pass
Hannah Abbott,Female,25,4,51.00%,50,62.00%,63,1,Yes,Medium,High School,High,5,1,High,Medium,Medium,3,Medium,65,Pass
Jane Doe,Female,19,6,88.00%,81,64.00%,50,2,No,Low,High School,Low,7,7,Low,Medium,High,0,Medium,69,Pass
Evan Wright,Male,21,24,50.00%,76,79.00%,90,1,Yes,High,PhD,Medium,7,7,Medium,Low,Low,3,Low,47,Fail
Jane Doe,Male,21,21,75.00%,73,82.00%,86,3,No,Medium,Master's,Low,5,1,High,High,Medium,5,Low,120,Pass
Bob Smith,Male,22,36,80.00%,77,98.00%,56,3,Yes,Medium,Master's,Low,9,1,High,Medium,Low,0,Low,20,Pass
Fiona Gallagher,Male,19,30,57.00%,64,53.00%,62,0,Yes,Low,High School,Low,7,2,High,Low,High,5,Low,69,Pass
Bob Smith,Female,20,17,78.00%,98,86.00%,58,2,No,Low,PhD,Low,9,6,Medium,Medium,High,1,Medium,23,Fail
George Costanza,Male,20,9,89.00%,70,59.00%,55,1,Yes,High,Bachelor's,Medium,6,3,Medium,Medium,Medium,2,High,104,Fail
Bob Smith,Female,24,26,82.00%,88,81.00%,88,1,Yes,Low,Bachelor's,Medium,8,4,Low,High,Medium,4,Medium,26,Pass
George Costanza,Female,19,14,53.00%,58,69.00%,97,3,No,Low,PhD,Low,4,4,Medium,Medium,High,3,Medium,115,Pass
Hannah Abbott,Male,22,29,90.00%,88,75.00%,64,0,Yes,Medium,High School,High,4,7,High,Low,Medium,5,High,43,Pass
Hannah Abbott,Male,20,9,85.00%,70,93.00%,67,3,No,High,Master's,High,5,1,Low,High,Medium,0,Medium,20,Fail
Fiona Gallagher,Male,25,24,51.00%,95,70.00%,76,1,Yes,High,PhD,Medium,10,8,High,High,Low,2,Low,79,Fail
Jane Doe,Female,19,1,95.00%,59,96.00%,55,0,Yes,Medium,High School,Low,7,8,Medium,High,Low,0,Low,63,Fail
George Costanza,Female,25,36,68.00%,88,75.00%,80,3,Yes,Medium,High School,High,4,7,Low,Medium,Low,3,High,29,Fail
Evan Wright,Male,19,23,57.00%,91,51.00%,83,2,No,Low,High School,Low,5,7,Medium,Medium,High,5,High,23,Fail
Alice Johnson,Male,22,13,91.00%,65,76.00%,81,0,Yes,Low,PhD,Low,6,3,High,High,Medium,3,Low,41,Pass
Jane Doe,Male,24,24,78.00%,75,89.00%,58,1,No,High,High School,High,8,1,High,Medium,Medium,3,High,51,Fail
John Doe,Male,25,22,61.00%,80,61.00%,60,3,Yes,Low,PhD,Low,10,2,Medium,Low,Medium,1,Low,19,Fail
Jane Doe,Female,24,6,86.00%,50,95.00%,74,3,Yes,High,PhD,High,8,1,Low,Low,Low,0,High,69,Fail
John Doe,Male,24,1,76.00%,65,52.00%,76,0,Yes,High,High School,Medium,8,6,Low,Low,Low,2,High,65,Fail
George Costanza,Female,22,33,88.00%,82,97.00%,61,0,Yes,Low,High School,Low,6,2,High,High,High,0,Low,82,Fail
Jane Doe,Male,19,0,64.00%,97,80.00%,77,1,Yes,Low,Bachelor's,Medium,5,2,Medium,High,Medium,0,Medium,19,Fail
Fiona Gallagher,Male,24,4,50.00%,50,89.00%,58,1,No,High,High School,High,7,6,Low,Low,Medium,4,Medium,98,Pass
John Doe,Male,18,7,79.00%,91,94.00%,76,0,No,Medium,PhD,Low,4,6,High,Medium,Medium,3,Low,90,Pass
Alice Johnson,Male,25,5,98.00%,64,71.00%,100,3,Yes,Medium,Bachelor's,Medium,8,1,Medium,High,High,1,Medium,62,Fail
Charlie Brown,Male,25,23,56.00%,75,79.00%,92,1,No,Low,Master's,Low,4,2,Medium,Medium,High,2,High,82,Fail
Diana Prince,Female,21,29,93.00%,77,91.00%,85,2,No,Low,High School,Low,10,7,Medium,Medium,Low,1,Low,58,Fail
Fiona Gallagher,Female,19,1,57.00%,63,98.00%,91,2,Yes,High,Master's,Medium,6,8,High,Medium,Low,0,High,54,Pass
John Doe,Male,19,22,82.00%,91,85.00%,93,0,Yes,Low,High School,High,5,1,High,High,Medium,4,Medium,108,Pass
Fiona Gallagher,Male,21,32,62.00%,57,75.00%,57,3,No,High,Master's,High,9,3,Low,Medium,Low,4,Low,43,Pass
Hannah Abbott,Male,23,2,80.00%,85,93.00%,74,3,No,Medium,High School,Low,6,5,Medium,High,High,3,Low,63,Fail
Fiona Gallagher,Male,23,7,51.00%,89,57.00%,66,3,Yes,Medium,Bachelor's,Medium,10,2,Low,Medium,Medium,5,Low,109,Pass
Alice Johnson,Female,22,13,61.00%,99,77.00%,51,0,No,High,Bachelor's,Low,8,3,Low,High,Medium,5,Low,50,Pass
George Costanza,Male,23,8,70.00%,91,54.00%,68,2,No,Low,Master's,Medium,8,2,Low,High,Low,2,Medium,96,Fail
Bob Smith,Male,25,6,50.00%,66,92.00%,82,2,Yes,Low,High School,High,7,8,Low,High,Low,3,High,68,Pass
Hannah Abbott,Female,24,19,65.00%,82,85.00%,52,2,No,Medium,Master's,High,9,3,Medium,High,High,4,Medium,16,Pass
Evan Wright,Male,25,12,97.00%,59,92.00%,82,1,No,Medium,PhD,Low,7,8,Medium,Low,High,1,Low,110,Fail
Alice Johnson,Female,25,3,88.00%,76,75.00%,81,1,Yes,High,PhD,Low,8,5,High,Medium,High,1,Low,22,Fail
George Costanza,Female,20,35,53.00%,90,79.00%,91,1,Yes,Low,High School,Low,5,6,Medium,Low,Low,0,High,43,Fail
Hannah Abbott,Male,18,34,52.00%,55,83.00%,57,3,No,Medium,High School,Low,6,8,Low,Low,High,5,Medium,107,Pass
Bob Smith,Male,21,38,90.00%,97,81.00%,72,1,No,Low,High School,Low,4,5,Low,Low,High,5,Low,107,Pass
Jane Doe,Male,18,9,70.00%,51,96.00%,65,3,No,Medium,High School,Medium,7,1,High,Medium,High,4,High,92,Pass
Charlie Brown,Male,20,39,87.00%,55,51.00%,65,3,No,Low,High School,Medium,6,3,Low,High,Low,4,Low,116,Pass
Fiona Gallagher,Male,21,11,54.00%,68,72.00%,84,1,No,Low,PhD,Medium,4,3,High,Medium,Low,2,Low,43,Pass
Evan Wright,Female,20,6,96.00%,96,96.00%,94,0,No,Low,Bachelor's,Low,6,2,Low,Low,Low,3,Medium,54,Pass
Jane Doe,Male,18,7,62.00%,61,98.00%,97,3,No,Low,High School,High,9,3,High,Medium,High,2,High,28,Pass
Bob Smith,Female,21,19,55.00%,59,96.00%,64,2,Yes,High,High School,Medium,8,7,Low,Medium,High,3,Medium,14,Pass
Charlie Brown,Male,19,19,53.00%,98,52.00%,91,1,No,Medium,High School,High,8,5,High,Medium,Medium,3,High,23,Pass
Fiona Gallagher,Female,20,6,91.00%,98,88.00%,81,2,No,Low,Bachelor's,Low,8,1,Medium,Medium,Medium,4,Low,111,Fail
Charlie Brown,Male,22,40,100.00%,73,62.00%,62,3,No,Low,Bachelor's,Medium,7,2,Low,High,Medium,1,Low,43,Fail
Fiona Gallagher,Male,21,0,78.00%,74,93.00%,60,3,Yes,High,PhD,Low,9,4,Low,High,Medium,2,High,51,Fail
Fiona Gallagher,Female,18,3,65.00%,58,93.00%,99,2,Yes,High,High School,Low,9,8,Low,High,Medium,3,Low,34,Pass
Fiona Gallagher,Male,25,40,78.00%,55,66.00%,69,1,Yes,High,Master's,Low,5,1,High,Low,High,0,High,58,Pass
Diana Prince,Male,24,29,96.00%,80,79.00%,59,1,No,Low,PhD,High,9,3,Low,Low,Medium,3,Low,12,Pass
Evan Wright,Male,20,16,74.00%,89,68.00%,93,0,No,High,High School,Low,8,4,High,High,Medium,4,Medium,83,Fail
Alice Johnson,Female,20,30,64.00%,74,89.00%,70,3,No,Medium,Bachelor's,High,9,6,Low,Low,Low,1,High,11,Fail
John Doe,Male,21,2,82.00%,58,72.00%,93,1,Yes,Medium,High School,Medium,9,3,Medium,High,Medium,0,Low,29,Pass
Jane Doe,Female,18,0,51.00%,90,66.00%,98,0,Yes,High,High School,Medium,7,4,High,High,Low,0,Medium,79,Fail
John Doe,Male,23,11,68.00%,60,51.00%,63,0,Yes,Medium,PhD,Low,4,6,Low,High,Low,5,Low,15,Fail
Bob Smith,Female,23,9,93.00%,83,75.00%,74,2,Yes,Medium,Master's,High,9,7,Low,High,High,1,High,41,Fail
Charlie Brown,Female,19,2,77.00%,77,84.00%,52,0,Yes,Medium,PhD,Medium,9,2,High,Medium,Low,2,Medium,40,Pass
Bob Smith,Female,20,24,77.00%,83,85.00%,100,2,No,Medium,PhD,High,7,8,High,High,Medium,0,High,27,Pass
Alice Johnson,Female,19,16,65.00%,96,50.00%,52,1,Yes,High,Bachelor's,High,8,6,High,Low,Medium,2,Medium,53,Pass
George Costanza,Male,23,35,74.00%,69,86.00%,66,0,Yes,Medium,High School,High,9,5,Low,High,High,5,High,97,Fail
George Costanza,Male,21,27,81.00%,60,98.00%,98,1,No,Medium,Bachelor's,Low,6,3,Medium,Medium,Medium,0,Low,23,Pass
George Costanza,Female,23,6,87.00%,94,73.00%,71,2,No,High,Bachelor's,High,6,3,Low,High,Medium,5,High,85,Pass
Jane Doe,Female,21,9,87.00%,87,91.00%,96,1,No,High,High School,Low,10,7,Medium,Medium,Medium,1,High,36,Fail
Evan Wright,Female,20,27,73.00%,82,95.00%,57,2,No,High,High School,Low,4,3,Low,High,Low,4,High,54,Pass
Jane Doe,Female,18,4,57.00%,61,88.00%,99,0,No,Medium,Master's,Medium,5,6,Medium,Medium,High,5,Medium,108,Pass
Charlie Brown,Male,25,8,56.00%,64,100.00%,71,1,No,Medium,Bachelor's,Low,5,8,High,High,High,5,High,63,Pass
George Costanza,Female,18,22,86.00%,82,75.00%,67,2,Yes,Low,Master's,Medium,9,6,Medium,Medium,Low,3,Medium,32,Fail
Alice Johnson,Male,25,9,62.00%,98,78.00%,55,1,Yes,Low,PhD,Medium,6,1,Medium,Low,High,3,High,46,Fail
Fiona Gallagher,Male,25,29,88.00%,80,88.00%,53,1,No,High,Bachelor's,Low,6,7,Low,Medium,High,1,Low,120,Pass
Alice Johnson,Female,18,21,57.00%,84,59.00%,68,0,Yes,Medium,High School,Low,6,5,Medium,Low,High,5,High,48,Pass
George Costanza,Male,24,32,84.00%,78,95.00%,84,2,Yes,Low,Bachelor's,High,8,5,Low,Low,High,5,Low,90,Fail
Evan Wright,Female,18,11,60.00%,92,70.00%,93,0,Yes,Medium,High School,Medium,7,1,Medium,Medium,Low,0,High,38,Pass
Fiona Gallagher,Female,21,25,59.00%,87,100.00%,90,3,No,High,PhD,High,5,3,Low,Medium,High,3,Medium,102,Pass
George Costanza,Male,24,3,79.00%,53,70.00%,67,3,Yes,Low,PhD,Medium,10,7,High,Medium,Low,5,Low,51,Fail
John Doe,Female,25,2,73.00%,81,82.00%,72,3,No,Medium,High School,High,5,6,Low,Medium,Low,3,High,65,Pass
Jane Doe,Male,21,17,82.00%,51,51.00%,86,2,Yes,Low,Master's,Medium,6,1,Low,High,Low,5,High,110,Pass
Fiona Gallagher,Female,19,10,91.00%,68,88.00%,65,0,No,Low,Master's,Low,5,2,High,Low,Medium,5,High,34,Pass
John Doe,Male,25,23,92.00%,61,82.00%,81,0,No,Low,Master's,Medium,7,5,High,Low,Low,1,High,33,Pass
Diana Prince,Female,20,15,57.00%,50,85.00%,73,0,No,Low,PhD,High,6,5,Low,Low,High,1,Medium,53,Pass
Fiona Gallagher,Female,23,6,61.00%,57,86.00%,87,1,No,High,PhD,High,7,6,High,Medium,Low,5,Medium,61,Pass
John Doe,Female,21,24,57.00%,74,80.00%,69,0,No,Low,Bachelor's,Medium,4,4,High,Medium,High,0,Medium,39,Fail
George Costanza,Female,20,35,84.00%,95,85.00%,75,1,No,Low,Bachelor's,Medium,5,8,Low,Medium,Medium,2,Low,73,Pass
Fiona Gallagher,Female,23,34,99.00%,52,68.00%,96,0,Yes,Medium,PhD,High,8,7,Medium,Medium,Medium,0,Medium,29,Pass
Evan Wright,Male,18,40,59.00%,58,50.00%,69,0,Yes,High,PhD,Low,5,3,Medium,Low,Low,1,Low,117,Pass
John Doe,Male,20,26,98.00%,97,63.00%,69,2,Yes,High,PhD,Low,6,6,Low,Low,High,4,High,72,Pass
Diana Prince,Female,22,6,68.00%,89,95.00%,99,0,No,Medium,Bachelor's,Medium,9,4,Low,Medium,Low,3,High,100,Pass
George Costanza,Female,24,37,53.00%,81,72.00%,93,1,Yes,Low,Master's,Medium,9,5,Low,Low,High,2,Low,54,Fail
Evan Wright,Male,18,14,77.00%,51,72.00%,96,0,Yes,Medium,Master's,Low,4,4,Medium,Low,Low,0,High,51,Pass
Fiona Gallagher,Male,20,27,72.00%,99,69.00%,62,0,Yes,Low,High School,Medium,7,2,High,High,High,3,High,32,Pass
George Costanza,Male,18,12,53.00%,85,68.00%,68,2,No,Medium,Master's,Low,9,4,Low,Low,Low,1,Low,87,Pass
John Doe,Female,23,36,51.00%,73,71.00%,70,2,No,Low,Bachelor's,Medium,7,6,Low,High,Medium,5,Low,58,Fail
Jane Doe,Male,25,23,50.00%,82,58.00%,90,1,No,Low,Bachelor's,Low,8,4,Low,Low,High,0,High,62,Pass
Jane Doe,Male,19,28,99.00%,90,95.00%,52,0,Yes,Low,Bachelor's,Low,4,8,Low,Medium,Medium,2,High,98,Fail
Jane Doe,Female,18,24,58.00%,95,86.00%,95,0,Yes,Low,Bachelor's,Medium,5,2,Low,High,Low,1,Medium,94,Fail
John Doe,Male,19,26,59.00%,66,69.00%,74,0,Yes,Medium,PhD,Low,4,4,Low,High,Low,1,High,15,Pass
Fiona Gallagher,Male,22,37,97.00%,100,51.00%,63,2,No,Low,Bachelor's,Medium,10,6,High,Medium,Medium,3,Low,66,Pass
Alice Johnson,Male,21,36,65.00%,50,84.00%,57,1,Yes,Low,PhD,Low,5,5,High,Low,Low,2,Medium,44,Fail
Hannah Abbott,Female,23,11,50.00%,91,82.00%,80,3,No,Medium,High School,Low,10,5,Medium,High,Medium,5,Medium,14,Pass
Diana Prince,Male,20,5,97.00%,63,82.00%,56,2,Yes,Low,Master's,Medium,4,3,High,High,Low,5,Low,120,Fail
Fiona Gallagher,Male,25,20,68.00%,67,71.00%,83,2,No,Low,PhD,Medium,4,5,High,Medium,Low,0,Low,39,Pass
Bob Smith,Male,21,16,91.00%,95,90.00%,77,1,No,Medium,High School,Low,5,3,Medium,Medium,Low,5,Medium,99,Fail
Charlie Brown,Female,22,32,50.00%,90,100.00%,85,3,Yes,Low,Master's,Low,4,8,Low,High,Medium,0,Medium,16,Pass
Jane Doe,Female,18,16,82.00%,94,58.00%,65,0,No,Medium,Bachelor's,High,7,1,Medium,Low,Medium,4,Low,73,Fail
George Costanza,Male,23,8,66.00%,96,71.00%,82,1,No,Low,High School,Low,7,5,High,High,Low,4,Medium,13,Pass
George Costanza,Male,21,4,75.00%,72,79.00%,94,1,No,Medium,Bachelor's,Medium,8,8,Medium,Low,Medium,4,High,108,Pass
Diana Prince,Male,23,22,54.00%,57,84.00%,99,2,No,Medium,PhD,High,7,8,High,High,Low,3,High,112,Pass
Charlie Brown,Female,20,40,82.00%,90,80.00%,87,2,Yes,Medium,Master's,Medium,8,6,High,Low,High,5,Medium,80,Fail
Evan Wright,Male,22,39,93.00%,83,77.00%,82,3,No,Low,High School,High,4,5,Low,Low,High,0,Low,88,Fail
Jane Doe,Female,21,30,87.00%,55,54.00%,73,3,Yes,Medium,PhD,Medium,10,4,Medium,Low,Low,5,High,50,Fail
Hannah Abbott,Male,18,6,52.00%,76,89.00%,68,0,No,Medium,Master's,High,4,5,Low,Low,Low,5,Low,71,Pass
Bob Smith,Female,20,4,95.00%,77,54.00%,54,1,No,Medium,High School,Low,8,7,High,Medium,High,5,Medium,56,Pass
Jane Doe,Female,20,32,99.00%,90,86.00%,60,0,No,Medium,Bachelor's,Medium,6,7,Medium,Low,Low,2,Medium,82,Pass
Fiona Gallagher,Male,22,2,64.00%,73,99.00%,54,1,Yes,Low,High School,High,10,1,Medium,Medium,Medium,4,High,94,Fail
Hannah Abbott,Male,20,19,60.00%,91,78.00%,88,0,No,High,Bachelor's,Low,4,2,Low,High,Medium,2,High,104,Pass
Bob Smith,Female,20,35,77.00%,100,83.00%,56,1,No,High,PhD,Low,6,3,High,Medium,Medium,5,Low,27,Fail
Jane Doe,Male,18,7,62.00%,90,98.00%,52,0,Yes,Medium,Bachelor's,High,8,6,High,High,Low,0,High,58,Fail
Fiona Gallagher,Female,25,38,78.00%,98,68.00%,51,1,Yes,Low,Bachelor's,Low,8,4,Medium,High,High,1,Low,120,Fail
Hannah Abbott,Female,23,37,58.00%,74,87.00%,59,0,Yes,Medium,Master's,Low,8,4,Medium,Medium,Low,1,Medium,40,Pass
Hannah Abbott,Male,20,22,51.00%,84,91.00%,86,2,No,Medium,PhD,High,8,4,High,Medium,Low,5,Low,97,Pass
Jane Doe,Female,23,26,82.00%,67,92.00%,65,0,No,Low,Bachelor's,Medium,6,1,Low,Low,Medium,1,Medium,118,Pass
John Doe,Female,19,19,53.00%,50,89.00%,97,1,Yes,Medium,High School,Low,6,7,High,Medium,Low,5,High,49,Pass
Jane Doe,Female,22,33,77.00%,99,63.00%,51,0,No,Low,Master's,High,7,7,Medium,High,Low,1,High,35,Pass
Evan Wright,Male,22,24,97.00%,71,55.00%,80,0,No,Low,Bachelor's,High,5,2,Medium,Medium,High,2,High,27,Fail
Jane Doe,Male,22,3,75.00%,57,92.00%,72,1,No,High,Bachelor's,Medium,9,2,Low,Low,Medium,0,Medium,112,Pass
Bob Smith,Male,19,21,75.00%,87,63.00%,58,0,No,Medium,PhD,Medium,9,7,Medium,Medium,High,4,Medium,88,Pass
Jane Doe,Male,24,27,57.00%,76,80.00%,78,2,No,Low,PhD,High,9,6,High,Medium,Medium,5,Low,21,Pass
John Doe,Female,18,20,54.00%,98,89.00%,96,3,No,Medium,Bachelor's,Low,7,3,Medium,Medium,High,0,Low,46,Pass
Fiona Gallagher,Male,18,5,68.00%,59,65.00%,87,1,No,High,PhD,Medium,5,5,Low,High,High,1,Medium,23,Fail
George Costanza,Male,24,20,78.00%,92,58.00%,66,0,No,Medium,PhD,Medium,5,2,High,High,Medium,5,Low,11,Fail
Fiona Gallagher,Female,19,25,58.00%,67,52.00%,72,2,Yes,Medium,Master's,High,4,8,High,Medium,Low,3,Medium,45,Fail
Bob Smith,Female,24,8,91.00%,77,83.00%,74,1,Yes,High,High School,Low,5,3,Low,High,High,1,Low,51,Pass
Fiona Gallagher,Female,24,30,81.00%,91,94.00%,63,3,No,Medium,Bachelor's,Medium,5,1,Medium,Low,Medium,2,Medium,47,Fail
John Doe,Male,20,3,100.00%,67,53.00%,64,1,Yes,Medium,Bachelor's,Low,5,1,Medium,Medium,Medium,2,Medium,56,Pass
Hannah Abbott,Female,22,38,99.00%,85,72.00%,53,0,No,Low,PhD,Low,9,3,High,Low,Low,5,Low,29,Pass
Diana Prince,Female,22,3,98.00%,61,67.00%,81,3,Yes,Low,Master's,Medium,6,4,Medium,High,High,5,High,67,Fail
Charlie Brown,Male,23,8,73.00%,90,57.00%,62,2,No,Low,Master's,Medium,5,8,Low,Low,High,5,Low,19,Pass
Alice Johnson,Male,22,0,93.00%,89,61.00%,78,0,No,High,High School,High,5,3,Low,Medium,Medium,0,Low,57,Fail
Hannah Abbott,Female,25,25,85.00%,64,80.00%,71,2,No,High,PhD,Low,7,6,Low,Medium,High,1,Low,88,Pass
John Doe,Male,21,28,58.00%,71,77.00%,61,1,Yes,Medium,Master's,High,4,2,High,Low,Medium,3,Medium,47,Pass
Evan Wright,Female,21,23,56.00%,61,91.00%,74,3,No,High,High School,Medium,10,7,High,Low,Medium,0,Medium,90,Pass
Alice Johnson,Male,22,22,59.00%,51,72.00%,77,1,No,Medium,Master's,Low,6,5,Medium,Medium,Medium,5,Medium,65,Pass
Charlie Brown,Male,24,14,97.00%,63,73.00%,61,0,No,High,High School,High,10,1,High,Medium,Low,2,High,88,Pass
Hannah Abbott,Male,20,29,53.00%,64,68.00%,51,0,Yes,Medium,High School,Low,6,3,High,Medium,Low,1,Low,112,Fail
John Doe,Male,22,29,61.00%,78,92.00%,55,0,No,Low,Bachelor's,Low,7,7,Medium,Low,Medium,5,Medium,42,Fail
Hannah Abbott,Female,18,36,58.00%,88,88.00%,87,0,No,Medium,Bachelor's,High,6,4,Medium,High,Low,3,High,95,Pass
Alice Johnson,Male,22,27,100.00%,66,66.00%,91,2,No,High,PhD,Medium,10,1,High,Low,Medium,4,Low,72,Fail
Alice Johnson,Female,21,29,76.00%,51,55.00%,69,2,Yes,Low,Master's,High,7,8,Medium,High,Medium,3,High,71,Pass
Charlie Brown,Male,18,22,76.00%,69,84.00%,53,0,Yes,Medium,PhD,High,7,2,High,High,Low,4,Medium,88,Fail
Jane Doe,Female,21,7,97.00%,95,90.00%,98,3,No,Medium,PhD,Low,7,8,Low,Low,High,0,Low,78,Fail
Charlie Brown,Male,19,5,93.00%,78,60.00%,96,0,Yes,Low,Master's,High,7,2,High,High,Medium,5,Medium,42,Fail
Diana Prince,Female,23,1,58.00%,58,92.00%,56,1,Yes,High,High School,Low,7,3,High,Medium,High,2,High,54,Pass
Diana Prince,Female,24,29,100.00%,59,88.00%,73,0,Yes,High,Master's,Low,7,7,Low,Medium,Medium,4,High,36,Pass
Evan Wright,Male,24,23,71.00%,69,74.00%,76,0,Yes,High,High School,Medium,7,4,High,High,High,1,High,97,Fail
Hannah Abbott,Male,25,4,99.00%,59,58.00%,68,2,Yes,Low,Bachelor's,Medium,10,5,High,Medium,Medium,3,High,42,Fail
Hannah Abbott,Female,18,12,76.00%,66,75.00%,63,0,Yes,Medium,High School,Medium,10,2,Medium,High,Medium,0,Low,76,Pass
John Doe,Female,25,17,54.00%,76,75.00%,73,3,Yes,Low,PhD,High,4,2,Medium,Low,Low,4,Low,118,Fail
John Doe,Male,22,30,96.00%,67,52.00%,85,2,Yes,Medium,High School,Medium,7,2,Medium,Medium,Medium,0,High,101,Pass
Diana Prince,Female,19,10,61.00%,91,72.00%,50,0,Yes,High,Master's,Medium,10,2,High,Low,Low,2,High,119,Pass
Hannah Abbott,Female,21,31,74.00%,74,93.00%,57,2,Yes,Medium,Bachelor's,Low,9,7,High,Low,Low,2,Medium,15,Fail
Hannah Abbott,Male,20,19,88.00%,84,74.00%,63,1,No,Low,High School,Low,5,5,Medium,Low,Low,1,Low,22,Fail
Evan Wright,Male,19,26,53.00%,61,99.00%,94,0,No,High,Master's,Low,7,8,Low,High,Medium,1,High,16,Pass
Bob Smith,Female,18,14,98.00%,90,57.00%,82,3,Yes,Medium,Bachelor's,High,4,7,High,Medium,High,0,Low,73,Pass
Charlie Brown,Male,18,1,98.00%,56,94.00%,93,0,Yes,Low,Master's,Low,7,6,Medium,High,High,1,Medium,104,Fail
Diana Prince,Male,18,33,88.00%,97,89.00%,68,2,Yes,Low,Master's,Low,5,7,Low,High,Low,2,Medium,63,Fail
Alice Johnson,Male,22,28,85.00%,54,80.00%,64,1,Yes,High,Master's,Low,8,8,Medium,High,Low,1,Low,86,Fail
George Costanza,Male,22,23,53.00%,57,69.00%,56,3,No,Low,High School,Low,8,8,High,High,Medium,0,Low,59,Fail
Bob Smith,Female,25,12,62.00%,63,87.00%,65,3,Yes,Low,Bachelor's,Low,4,7,High,High,Medium,5,Medium,45,Pass
Charlie Brown,Male,23,4,85.00%,80,50.00%,89,0,No,High,Bachelor's,Low,5,8,Low,High,Low,1,Low,109,Fail
Bob Smith,Male,23,39,75.00%,51,84.00%,78,0,No,Low,High School,Low,5,7,Medium,Medium,High,4,High,25,Fail
Bob Smith,Male,25,28,96.00%,73,72.00%,67,1,No,Medium,Master's,Low,8,4,High,Medium,High,2,High,83,Fail
George Costanza,Male,18,7,53.00%,51,60.00%,76,1,No,High,Bachelor's,High,6,2,Medium,High,Low,2,Medium,71,Pass
Hannah Abbott,Female,19,38,85.00%,58,50.00%,95,0,Yes,Medium,PhD,Low,7,6,High,High,High,3,Low,11,Fail
Fiona Gallagher,Male,19,5,53.00%,95,99.00%,83,3,No,Medium,Bachelor's,Low,5,8,Medium,Low,Low,1,Medium,102,Pass
Evan Wright,Female,20,32,63.00%,59,83.00%,63,1,No,Medium,High School,High,8,6,Low,Medium,Low,4,Medium,21,Pass
Evan Wright,Male,22,21,80.00%,99,66.00%,90,0,Yes,Medium,PhD,Medium,5,1,Medium,Medium,High,4,Low,89,Pass
Bob Smith,Female,22,9,97.00%,58,83.00%,50,1,No,Medium,High School,Medium,7,4,Low,Low,High,3,Low,51,Fail
Diana Prince,Male,24,36,61.00%,79,61.00%,68,2,No,Medium,Bachelor's,High,8,5,Medium,Medium,Low,4,Medium,33,Fail
Fiona Gallagher,Male,18,12,98.00%,55,76.00%,50,0,Yes,Low,High School,Low,5,3,Medium,Medium,Low,0,Medium,74,Fail
Fiona Gallagher,Female,19,40,81.00%,83,84.00%,75,1,Yes,Medium,Master's,Low,7,2,Low,Low,High,3,Medium,78,Fail
Charlie Brown,Female,25,7,66.00%,58,60.00%,73,0,Yes,High,Master's,High,4,6,Low,Medium,Medium,5,Medium,72,Pass
Diana Prince,Female,23,39,58.00%,53,56.00%,75,3,Yes,Medium,High School,High,9,3,Low,High,Medium,0,High,21,Fail
Diana Prince,Male,18,23,50.00%,61,72.00%,78,0,Yes,Medium,Master's,Low,10,4,Low,Low,Low,3,Medium,30,Fail
Evan Wright,Male,18,10,93.00%,91,92.00%,85,2,No,High,High School,Low,9,6,High,High,Medium,4,High,108,Pass
Hannah Abbott,Male,21,12,75.00%,73,53.00%,84,3,No,High,Master's,High,8,8,Medium,Low,Medium,3,Medium,99,Fail
Hannah Abbott,Male,24,12,78.00%,98,84.00%,84,1,Yes,High,Master's,Low,8,2,Medium,High,High,4,Low,77,Pass
Fiona Gallagher,Male,19,3,75.00%,94,97.00%,72,0,No,Low,PhD,Medium,8,6,Medium,Low,Medium,4,Medium,76,Pass
John Doe,Male,18,0,83.00%,92,67.00%,64,0,Yes,Low,PhD,Low,6,1,Medium,Low,Medium,0,High,41,Pass
Diana Prince,Male,21,11,80.00%,90,90.00%,55,2,Yes,High,High School,Low,7,5,Medium,Medium,Medium,2,Medium,83,Pass
Charlie Brown,Female,21,15,96.00%,68,96.00%,92,1,Yes,High,High School,High,10,4,High,High,High,4,High,50,Pass
Alice Johnson,Male,19,39,52.00%,67,72.00%,98,1,Yes,Medium,Bachelor's,High,10,2,High,Low,High,0,Low,114,Fail
John Doe,Male,24,39,56.00%,83,84.00%,84,2,Yes,High,Master's,Low,6,2,High,Medium,Medium,0,High,27,Fail
Hannah Abbott,Male,23,10,84.00%,95,51.00%,65,2,Yes,Low,High School,Medium,5,8,Medium,Medium,High,1,Medium,64,Pass
Charlie Brown,Female,24,29,66.00%,59,74.00%,78,1,Yes,Medium,Master's,Medium,10,4,Medium,High,Low,4,High,37,Fail
George Costanza,Male,21,21,68.00%,52,77.00%,84,1,No,Low,Master's,Medium,10,6,Low,Medium,Low,3,Medium,12,Fail
George Costanza,Female,21,32,52.00%,91,57.00%,61,0,Yes,Medium,PhD,Medium,5,6,Medium,Medium,Low,3,High,67,Fail
Evan Wright,Female,21,36,84.00%,96,95.00%,66,2,No,High,PhD,High,10,3,High,Low,High,0,Medium,82,Fail
George Costanza,Female,21,35,97.00%,89,77.00%,58,0,Yes,Low,PhD,Low,5,7,Medium,High,Medium,3,Medium,77,Fail
Charlie Brown,Female,25,17,96.00%,87,89.00%,53,3,No,High,High School,Medium,5,1,High,Low,Medium,5,High,62,Fail
Diana Prince,Male,21,5,82.00%,97,94.00%,64,1,Yes,High,PhD,High,7,4,Medium,Low,High,0,Medium,90,Pass
Charlie Brown,Female,24,20,79.00%,79,82.00%,87,3,Yes,Medium,Master's,High,8,4,Medium,High,Medium,0,Low,44,Fail
Charlie Brown,Male,23,25,58.00%,96,64.00%,85,1,No,High,Bachelor's,Low,7,2,Medium,Low,High,1,High,96,Pass
Alice Johnson,Female,22,38,70.00%,83,75.00%,56,1,Yes,High,Master's,Medium,9,8,Medium,Medium,Low,5,Low,43,Fail
George Costanza,Female,25,2,68.00%,66,50.00%,53,1,No,Medium,Master's,High,7,3,Low,High,Medium,2,Low,113,Pass
John Doe,Female,22,2,81.00%,51,73.00%,61,1,Yes,Low,Bachelor's,High,4,8,High,Medium,Medium,2,Low,64,Pass
Fiona Gallagher,Female,22,5,93.00%,65,79.00%,85,1,No,Low,PhD,Low,6,2,Low,Medium,High,3,Low,96,Fail
George Costanza,Male,18,37,100.00%,79,58.00%,85,1,Yes,Medium,PhD,Low,8,6,High,High,Medium,1,Medium,117,Pass
Fiona Gallagher,Female,25,4,51.00%,71,71.00%,57,2,No,High,High School,High,4,1,Medium,Low,High,5,Medium,14,Pass
John Doe,Female,24,30,51.00%,67,98.00%,63,0,No,High,Bachelor's,Low,7,1,Medium,Medium,High,1,Medium,12,Fail
Evan Wright,Male,18,36,61.00%,63,96.00%,89,2,Yes,Medium,Master's,Medium,6,6,Low,High,Medium,2,High,31,Fail
Fiona Gallagher,Female,19,31,68.00%,70,100.00%,58,3,Yes,High,PhD,Low,8,3,Low,Medium,Low,4,Low,102,Pass
Evan Wright,Female,20,24,70.00%,65,58.00%,69,0,Yes,Medium,Master's,High,4,1,Low,Low,Medium,2,High,48,Fail
Alice Johnson,Female,25,16,75.00%,97,94.00%,98,1,Yes,Medium,PhD,Low,5,1,Medium,High,High,5,Medium,76,Pass
Bob Smith,Male,20,29,96.00%,100,78.00%,94,0,Yes,Medium,Master's,Medium,6,8,Medium,Medium,Low,5,High,83,Pass
Evan Wright,Male,22,23,69.00%,59,77.00%,89,1,Yes,Low,Bachelor's,Low,4,3,Low,Low,Medium,0,High,39,Pass
George Costanza,Female,24,13,88.00%,89,85.00%,92,1,Yes,Low,High School,Low,7,1,Low,Low,Low,5,High,31,Pass
John Doe,Female,25,4,62.00%,76,80.00%,93,2,Yes,High,Bachelor's,Low,9,6,Medium,High,High,1,High,105,Pass
Diana Prince,Male,22,24,67.00%,53,55.00%,99,0,Yes,Low,Master's,High,8,2,Medium,Medium,Low,2,Medium,109,Fail
Hannah Abbott,Male,24,26,85.00%,89,90.00%,72,3,No,Medium,Bachelor's,Medium,9,8,Medium,Low,Medium,3,High,28,Fail
Bob Smith,Female,18,22,91.00%,74,57.00%,93,3,No,Low,Bachelor's,Medium,6,8,Low,High,Low,1,Low,60,Pass
Diana Prince,Female,20,19,58.00%,55,52.00%,78,0,Yes,Low,Master's,High,10,6,Low,High,High,3,Low,104,Fail
Alice Johnson,Female,23,6,54.00%,72,58.00%,52,3,No,Low,PhD,Low,8,4,Low,Low,High,1,High,76,Pass
Jane Doe,Male,24,18,93.00%,81,53.00%,85,1,Yes,Low,High School,High,5,3,Low,High,Low,1,Low,20,Fail
Bob Smith,Male,19,16,59.00%,67,61.00%,91,3,No,Medium,High School,Low,4,2,Low,Low,Low,0,Low,37,Fail
John Doe,Male,19,8,73.00%,84,81.00%,67,1,No,Low,PhD,High,8,6,Low,Low,High,0,High,90,Pass
Bob Smith,Female,18,1,100.00%,69,86.00%,95,1,No,High,Bachelor's,High,9,7,Low,High,High,0,Medium,99,Pass
George Costanza,Male,19,22,85.00%,74,55.00%,76,3,No,Low,High School,High,9,4,High,Medium,Medium,5,Medium,46,Fail
Fiona Gallagher,Male,18,6,61.00%,52,53.00%,99,2,Yes,Low,Master's,High,9,8,High,Medium,Medium,3,Low,29,Fail
Charlie Brown,Male,23,21,76.00%,90,52.00%,77,0,No,Medium,Bachelor's,High,10,5,Medium,Medium,Low,5,High,91,Fail
Bob Smith,Female,23,0,53.00%,85,99.00%,76,1,Yes,Low,PhD,Medium,5,2,High,High,Low,4,High,113,Fail
Jane Doe,Male,23,36,61.00%,84,83.00%,67,1,Yes,Low,Master's,High,4,6,Medium,Low,Medium,5,High,49,Pass
George Costanza,Male,18,15,55.00%,75,52.00%,85,2,No,Medium,Master's,Medium,4,7,High,Low,Medium,2,Low,109,Pass
Evan Wright,Male,18,17,84.00%,98,79.00%,91,3,Yes,High,Bachelor's,Medium,5,2,Low,Medium,Low,0,High,22,Fail
Evan Wright,Male,19,22,85.00%,84,86.00%,61,0,No,High,Bachelor's,High,9,3,Low,High,Medium,1,High,94,Fail
Hannah Abbott,Male,22,2,83.00%,72,53.00%,92,2,No,Low,PhD,High,8,3,Low,High,Medium,1,High,66,Fail
Bob Smith,Male,21,39,53.00%,73,100.00%,88,3,Yes,Low,Master's,Medium,4,6,Low,Low,High,4,High,85,Pass
George Costanza,Female,25,13,52.00%,92,98.00%,57,2,Yes,Low,PhD,High,7,3,High,High,Low,0,Low,31,Fail
John Doe,Female,24,10,100.00%,79,79.00%,61,0,Yes,Low,High School,Medium,6,7,Low,Low,Medium,0,Medium,60,Pass
Jane Doe,Male,24,30,59.00%,63,91.00%,54,0,Yes,High,Bachelor's,Low,10,3,Medium,Low,High,2,Medium,34,Fail
Alice Johnson,Female,23,0,93.00%,71,60.00%,55,1,Yes,Low,Master's,Low,10,8,Low,High,Medium,2,High,100,Fail
Evan Wright,Female,25,26,68.00%,94,93.00%,51,1,No,Low,High School,High,10,8,Low,High,Medium,4,High,54,Pass
Alice Johnson,Female,19,12,84.00%,58,54.00%,72,3,Yes,Medium,Master's,High,9,6,High,Medium,Medium,3,Medium,43,Pass
Alice Johnson,Female,19,38,97.00%,59,55.00%,95,1,No,Low,High School,Low,5,4,High,Low,High,5,High,53,Fail
Alice Johnson,Female,24,34,51.00%,86,94.00%,66,0,No,Medium,PhD,Low,7,2,Low,Medium,Low,3,High,24,Fail
John Doe,Female,21,6,97.00%,86,51.00%,96,0,No,Low,Master's,Low,4,7,Low,Low,Medium,3,Low,95,Fail
Charlie Brown,Female,19,16,85.00%,58,63.00%,56,2,No,Medium,Master's,High,7,6,Medium,Medium,Low,1,Medium,43,Fail
Charlie Brown,Female,22,21,57.00%,55,95.00%,94,0,Yes,High,High School,Low,6,7,Medium,Low,Medium,5,Low,23,Pass
Charlie Brown,Male,24,6,97.00%,61,52.00%,81,2,No,High,Master's,Medium,10,1,High,High,Low,3,High,80,Pass
Evan Wright,Female,25,37,78.00%,68,69.00%,98,0,No,High,Bachelor's,Medium,5,2,High,Low,Medium,4,High,38,Pass
Evan Wright,Male,24,20,87.00%,70,66.00%,84,3,Yes,Low,PhD,Medium,8,3,High,Low,Low,3,High,101,Pass
George Costanza,Female,21,4,92.00%,60,97.00%,60,2,No,Medium,High School,High,6,8,High,Medium,High,5,Low,94,Pass
Bob Smith,Female,23,23,76.00%,87,94.00%,73,3,No,High,PhD,High,5,5,Low,High,Low,4,High,71,Fail
Alice Johnson,Male,19,33,52.00%,85,58.00%,93,3,No,Low,Master's,Medium,9,6,High,Medium,Medium,0,High,22,Pass
Evan Wright,Male,21,40,97.00%,82,51.00%,95,3,No,Medium,High School,Low,6,3,High,Medium,High,3,High,108,Fail
Fiona Gallagher,Female,21,38,94.00%,83,92.00%,98,3,Yes,Medium,Bachelor's,High,6,3,Medium,High,High,0,Medium,92,Fail
Hannah Abbott,Female,21,15,55.00%,50,72.00%,64,3,Yes,Medium,Bachelor's,Medium,10,4,Low,High,Medium,4,High,59,Fail
John Doe,Female,18,35,86.00%,86,82.00%,90,2,No,High,Bachelor's,Low,4,6,Low,Medium,High,4,Low,35,Fail
Fiona Gallagher,Female,24,9,90.00%,85,67.00%,95,0,Yes,High,High School,Low,4,3,Low,High,Medium,0,Medium,52,Pass
Bob Smith,Male,20,36,57.00%,91,93.00%,79,0,Yes,Medium,Bachelor's,Medium,5,5,Low,High,Medium,3,Low,43,Fail
Diana Prince,Female,24,36,54.00%,97,70.00%,87,1,Yes,Low,Bachelor's,Low,8,8,Low,High,Low,3,High,70,Pass
Hannah Abbott,Female,25,22,85.00%,78,70.00%,89,3,No,Medium,High School,High,4,3,High,High,High,2,High,88,Fail
Jane Doe,Female,18,25,84.00%,68,91.00%,68,1,Yes,Medium,High School,Medium,8,3,Medium,High,High,1,Low,12,Pass
George Costanza,Male,19,35,89.00%,87,98.00%,92,1,Yes,High,Bachelor's,Low,10,2,Low,High,Medium,5,Low,72,Fail
Bob Smith,Female,23,21,66.00%,90,57.00%,71,2,No,Medium,PhD,Low,9,2,Low,Medium,Low,4,Medium,25,Fail
Diana Prince,Female,18,2,74.00%,84,66.00%,96,1,No,Medium,PhD,High,8,7,High,High,High,1,High,106,Fail
Charlie Brown,Female,25,19,89.00%,70,91.00%,63,1,No,High,Master's,Low,6,7,Low,High,High,5,High,108,Pass
John Doe,Male,18,14,59.00%,66,82.00%,78,0,No,High,PhD,Low,4,8,Low,High,Low,0,High,77,Pass
Diana Prince,Male,18,36,60.00%,91,57.00%,82,2,No,High,Bachelor's,High,4,1,Low,Medium,Low,5,Medium,85,Fail
Diana Prince,Female,18,1,85.00%,76,67.00%,62,1,Yes,High,High School,High,6,1,High,Low,Low,5,High,92,Pass
George Costanza,Female,25,11,81.00%,51,70.00%,100,2,Yes,Low,Master's,Low,5,3,Low,Low,Medium,3,Medium,46,Pass
Charlie Brown,Male,18,4,61.00%,100,85.00%,89,2,No,High,High School,High,9,7,Medium,Medium,Low,5,Low,90,Pass
Alice Johnson,Male,23,30,50.00%,89,95.00%,56,1,No,High,Bachelor's,Medium,5,2,Low,Low,Medium,5,Low,27,Fail
Jane Doe,Female,24,14,90.00%,85,53.00%,81,1,Yes,Medium,High School,Low,7,6,High,Low,Medium,0,Low,107,Pass
Diana Prince,Male,18,14,69.00%,96,70.00%,91,3,Yes,Medium,Master's,Medium,4,7,Medium,High,High,4,Low,42,Fail
Charlie Brown,Female,25,23,54.00%,82,64.00%,56,3,Yes,High,Bachelor's,Low,5,2,Low,Low,Medium,5,Low,101,Pass
Alice Johnson,Female,24,31,50.00%,66,83.00%,83,0,Yes,High,PhD,High,9,5,Medium,Medium,Low,4,Medium,87,Fail
Diana Prince,Female,21,34,71.00%,80,51.00%,59,3,Yes,Low,PhD,Medium,10,2,High,High,Low,2,High,35,Fail
George Costanza,Female,22,18,69.00%,60,52.00%,65,3,No,Medium,High School,Low,4,4,Low,Low,High,4,Low,45,Pass
Hannah Abbott,Female,21,3,72.00%,56,92.00%,80,0,Yes,Low,High School,Medium,4,2,High,High,High,4,Low,26,Fail
Bob Smith,Female,19,8,56.00%,65,91.00%,83,2,No,High,High School,Medium,5,3,Medium,High,High,2,Medium,37,Pass
Diana Prince,Male,19,2,76.00%,61,68.00%,81,2,Yes,High,PhD,Low,9,8,Low,Low,Medium,5,Medium,15,Pass
Hannah Abbott,Male,20,40,56.00%,94,64.00%,97,3,No,Medium,High School,Low,9,2,High,High,Medium,5,Low,19,Fail
George Costanza,Male,24,28,83.00%,94,62.00%,54,3,Yes,Medium,PhD,High,4,1,High,Medium,High,5,Low,73,Fail
Diana Prince,Male,20,31,57.00%,66,81.00%,74,2,No,High,Master's,Medium,4,7,Medium,High,Medium,3,Medium,119,Pass
Jane Doe,Female,21,8,92.00%,50,100.00%,66,2,Yes,High,Bachelor's,Medium,6,8,Medium,Low,Low,3,Low,102,Pass
Alice Johnson,Female,19,29,58.00%,69,99.00%,50,0,No,High,Master's,Low,5,2,Low,Medium,High,4,Low,13,Pass
Evan Wright,Female,25,38,62.00%,98,54.00%,89,0,No,High,Bachelor's,Medium,6,8,High,High,High,4,High,27,Fail
Diana Prince,Male,19,36,87.00%,69,77.00%,56,1,Yes,High,Master's,Medium,9,8,High,Low,Medium,1,High,69,Pass
Alice Johnson,Female,25,17,58.00%,80,61.00%,90,3,Yes,High,High School,High,5,1,Low,High,High,1,High,27,Fail
Evan Wright,Male,21,35,90.00%,50,53.00%,94,1,No,High,Bachelor's,Low,5,8,Low,High,Low,1,High,38,Fail
Hannah Abbott,Male,23,39,92.00%,56,51.00%,89,1,Yes,Low,Master's,Medium,10,1,High,Low,High,5,High,112,Pass
Diana Prince,Female,21,38,72.00%,60,89.00%,88,0,No,High,High School,Low,9,8,Medium,Low,High,4,Low,109,Fail
Jane Doe,Female,22,23,68.00%,83,100.00%,91,2,Yes,Low,High School,Medium,10,5,High,Low,Medium,4,High,24,Fail
Evan Wright,Male,19,33,81.00%,52,61.00%,55,0,Yes,High,High School,Medium,5,1,Low,Low,Low,0,Medium,16,Pass
John Doe,Male,20,30,73.00%,68,96.00%,54,1,Yes,Medium,High School,High,4,8,Medium,High,Low,5,Medium,19,Pass
Jane Doe,Male,18,11,78.00%,88,87.00%,87,3,Yes,High,Master's,High,6,7,High,Low,Low,0,Low,105,Pass
Diana Prince,Female,20,34,69.00%,84,71.00%,70,0,Yes,High,PhD,High,7,1,Low,Low,High,1,Medium,15,Fail
Evan Wright,Female,19,30,97.00%,81,92.00%,74,2,Yes,Low,Master's,Medium,7,6,High,High,Low,2,High,57,Fail
Evan Wright,Male,19,31,86.00%,98,64.00%,88,1,No,Low,Bachelor's,Medium,10,1,Low,Medium,Medium,0,High,78,Pass
Evan Wright,Male,21,6,60.00%,92,92.00%,52,0,No,Medium,Bachelor's,High,9,5,High,High,High,3,Low,102,Fail
Diana Prince,Male,22,38,79.00%,95,78.00%,98,1,No,Medium,PhD,High,4,1,Low,High,Medium,0,Low,25,Pass
Fiona Gallagher,Female,24,27,73.00%,76,88.00%,77,0,No,Medium,Bachelor's,Medium,6,4,Medium,Medium,High,2,Low,29,Fail
Evan Wright,Female,19,38,65.00%,88,90.00%,70,0,Yes,Medium,High School,Low,8,8,Low,Low,Low,0,Medium,88,Pass
Bob Smith,Female,22,37,80.00%,83,61.00%,76,3,No,Low,Bachelor's,Medium,10,3,Medium,Low,Low,4,Medium,24,Fail
Charlie Brown,Male,19,31,82.00%,71,70.00%,56,1,Yes,Low,PhD,Medium,5,5,Low,Low,High,1,High,55,Fail
Evan Wright,Male,24,7,62.00%,84,98.00%,95,0,Yes,Low,Bachelor's,Low,9,3,High,Low,Medium,1,Medium,105,Fail
Hannah Abbott,Male,24,30,86.00%,91,85.00%,97,2,Yes,Low,Bachelor's,Low,4,5,High,High,High,1,High,100,Fail
Jane Doe,Female,25,31,79.00%,53,67.00%,82,3,Yes,Low,Bachelor's,High,7,1,Medium,Low,Low,1,Low,40,Fail
John Doe,Male,21,9,87.00%,92,67.00%,73,2,Yes,High,Master's,High,10,8,High,Low,High,5,Medium,46,Fail
Alice Johnson,Male,23,37,100.00%,53,62.00%,96,2,Yes,Medium,High School,High,7,2,Medium,Low,Low,4,Medium,16,Fail
Hannah Abbott,Female,24,0,53.00%,83,78.00%,50,0,No,Low,High School,High,4,2,Low,High,Low,4,High,42,Pass
Hannah Abbott,Male,19,23,68.00%,60,91.00%,75,2,Yes,High,Master's,Low,6,6,Low,Medium,Low,1,Low,49,Fail
Fiona Gallagher,Female,24,3,87.00%,65,56.00%,57,1,Yes,Medium,Bachelor's,Medium,5,2,Low,Medium,Medium,1,Medium,29,Pass
Jane Doe,Male,25,10,53.00%,94,53.00%,50,3,No,Medium,Bachelor's,Low,4,7,Medium,High,Medium,0,Low,75,Fail
Diana Prince,Male,22,21,64.00%,89,69.00%,57,0,No,Medium,PhD,Medium,6,1,Low,High,Medium,0,Medium,22,Fail
Diana Prince,Male,25,6,93.00%,88,97.00%,88,0,Yes,Low,High School,Low,5,1,Low,Medium,High,2,Low,20,Pass
Alice Johnson,Male,24,34,89.00%,56,87.00%,53,3,No,High,PhD,High,6,3,Medium,Low,High,5,Low,76,Fail
George Costanza,Male,22,9,68.00%,82,72.00%,64,2,Yes,High,Bachelor's,Medium,5,7,High,Medium,Low,3,Low,103,Fail
Bob Smith,Male,24,10,55.00%,77,69.00%,95,3,No,Medium,Master's,Medium,9,2,Low,High,Medium,5,Medium,86,Fail
Jane Doe,Female,21,12,88.00%,74,72.00%,83,1,No,Low,Master's,Medium,10,6,Medium,High,Low,5,Low,54,Fail
John Doe,Male,24,22,80.00%,86,66.00%,78,0,Yes,Low,Bachelor's,Medium,9,8,High,Low,High,2,High,58,Pass
Evan Wright,Male,19,16,93.00%,62,58.00%,86,0,No,Medium,Master's,Low,5,6,Low,Medium,Medium,4,Low,101,Fail
Evan Wright,Female,25,11,52.00%,56,73.00%,52,1,Yes,High,Master's,Medium,9,6,Medium,Medium,High,3,Low,71,Pass
Jane Doe,Female,20,26,99.00%,87,76.00%,66,3,Yes,Medium,PhD,Medium,7,3,Low,High,High,0,High,99,Fail
Charlie Brown,Male,18,27,60.00%,88,78.00%,67,3,Yes,Low,PhD,Low,10,4,Low,Low,High,1,High,96,Fail
Evan Wright,Female,23,9,76.00%,91,50.00%,77,1,No,High,Master's,High,6,1,Medium,Medium,Low,4,High,46,Fail
Diana Prince,Male,22,36,90.00%,60,74.00%,50,0,No,Medium,High School,High,10,1,High,High,High,2,Low,102,Pass
John Doe,Male,23,4,90.00%,59,72.00%,54,0,No,Medium,High School,Medium,8,2,High,High,High,5,Low,94,Fail
Evan Wright,Female,18,25,57.00%,59,51.00%,87,1,No,Low,High School,Medium,10,2,Low,Low,Low,2,Low,43,Pass
Charlie Brown,Male,20,3,95.00%,60,87.00%,58,3,No,Medium,High School,Low,10,4,Medium,Low,High,1,High,51,Pass
Fiona Gallagher,Male,22,22,88.00%,88,65.00%,53,3,Yes,Medium,Bachelor's,Low,5,4,Low,Medium,Medium,5,Low,102,Fail
Jane Doe,Male,18,20,77.00%,63,77.00%,91,1,No,Medium,Master's,Medium,4,1,Low,Medium,Medium,3,Medium,90,Fail
Diana Prince,Male,20,13,52.00%,77,78.00%,87,0,No,Low,High School,Medium,6,6,High,High,Medium,2,Medium,90,Fail
Diana Prince,Male,25,40,54.00%,56,93.00%,54,1,No,Low,PhD,Medium,5,3,Medium,High,Medium,0,High,40,Fail
Jane Doe,Female,22,40,52.00%,87,92.00%,96,1,Yes,Low,PhD,Low,7,3,Low,Low,Medium,2,Low,62,Pass
Charlie Brown,Male,20,31,50.00%,60,90.00%,62,0,No,Medium,Master's,Medium,7,8,High,High,High,5,High,100,Fail
Alice Johnson,Male,22,29,63.00%,55,79.00%,60,2,No,Medium,Bachelor's,Medium,7,1,Medium,Medium,High,1,High,33,Pass
Diana Prince,Female,22,24,75.00%,97,74.00%,50,2,No,Medium,High School,Low,9,5,Low,High,Low,4,Low,94,Pass
Charlie Brown,Female,25,33,96.00%,75,62.00%,77,3,No,Low,Bachelor's,Low,4,4,High,High,Low,3,Low,11,Pass
Diana Prince,Female,23,19,99.00%,67,58.00%,74,2,Yes,Medium,High School,Medium,4,1,Medium,Medium,Low,2,Medium,16,Pass
Charlie Brown,Female,24,31,93.00%,64,99.00%,84,1,Yes,Low,Bachelor's,High,6,3,High,Low,Low,4,High,10,Pass
John Doe,Female,22,39,80.00%,86,92.00%,78,0,Yes,Medium,High School,Medium,7,7,Low,Medium,Low,2,Medium,114,Pass
George Costanza,Male,18,4,80.00%,74,64.00%,85,3,Yes,Medium,PhD,Medium,9,6,High,High,Medium,5,High,17,Fail
Fiona Gallagher,Female,23,5,92.00%,79,91.00%,55,1,Yes,Medium,Bachelor's,Low,6,4,Low,Medium,Medium,4,High,53,Fail
Hannah Abbott,Female,25,25,62.00%,91,54.00%,76,3,Yes,High,Bachelor's,Medium,9,1,Medium,High,Medium,2,Medium,60,Fail
Charlie Brown,Female,18,34,54.00%,87,100.00%,99,3,No,High,PhD,High,8,4,High,Low,Low,2,High,44,Fail
Diana Prince,Male,24,26,66.00%,75,50.00%,68,0,Yes,Medium,PhD,High,10,3,Low,Medium,High,0,High,53,Fail
Jane Doe,Male,18,33,94.00%,57,52.00%,79,0,Yes,High,Master's,Low,8,4,Medium,High,Medium,3,Low,52,Fail
George Costanza,Male,24,34,68.00%,77,87.00%,91,1,Yes,Low,PhD,Low,8,3,High,Medium,Medium,0,High,101,Fail
Alice Johnson,Female,22,21,83.00%,58,94.00%,76,1,No,Low,PhD,Medium,6,2,Medium,Low,Medium,5,Low,112,Pass
Hannah Abbott,Female,20,11,93.00%,74,93.00%,60,3,Yes,Medium,PhD,Low,5,4,Low,High,Low,1,Low,19,Pass
Jane Doe,Female,24,26,65.00%,88,82.00%,96,0,No,Medium,PhD,Medium,4,2,Low,Medium,High,1,Low,77,Pass
Evan Wright,Male,23,30,61.00%,84,57.00%,88,2,No,Low,Master's,Low,9,2,Medium,Low,High,1,Low,15,Fail
Jane Doe,Male,18,13,67.00%,84,71.00%,58,2,No,High,Master's,High,5,3,Low,Medium,Medium,0,Medium,43,Fail
Fiona Gallagher,Female,24,38,88.00%,85,59.00%,50,1,No,Low,PhD,Medium,4,4,Medium,High,Low,4,Medium,54,Pass
Fiona Gallagher,Male,25,8,71.00%,50,99.00%,73,1,Yes,Low,Master's,Medium,8,3,Medium,Medium,High,2,Medium,34,Fail
Bob Smith,Female,23,0,60.00%,90,81.00%,50,1,No,High,Bachelor's,High,8,1,High,Medium,High,2,Medium,77,Pass
John Doe,Female,23,0,63.00%,86,69.00%,56,2,Yes,High,High School,High,8,6,Low,High,High,1,Medium,112,Pass
Charlie Brown,Female,23,2,72.00%,90,57.00%,76,0,No,Medium,High School,High,10,4,High,High,Low,0,Low,36,Pass
Alice Johnson,Female,21,9,69.00%,89,72.00%,67,1,No,Medium,Bachelor's,High,6,6,Medium,Medium,Low,5,Low,42,Pass
Jane Doe,Female,24,13,70.00%,74,81.00%,54,3,No,High,PhD,Medium,6,5,High,Low,High,3,High,25,Pass
Evan Wright,Female,23,24,56.00%,70,98.00%,68,3,Yes,Medium,High School,Low,9,7,High,Low,High,3,Medium,120,Fail
Charlie Brown,Female,23,37,69.00%,92,58.00%,65,0,Yes,Low,Master's,High,6,3,Low,High,High,0,Medium,76,Pass
John Doe,Male,24,6,77.00%,81,96.00%,98,3,Yes,High,High School,Medium,7,5,High,High,High,5,Low,58,Fail
Alice Johnson,Female,22,6,50.00%,65,90.00%,79,0,Yes,Low,High School,Medium,9,4,Medium,High,Medium,0,High,58,Fail
Charlie Brown,Female,20,34,65.00%,61,54.00%,82,0,Yes,High,Master's,Low,5,6,Low,Low,Low,2,High,103,Fail
Charlie Brown,Male,19,27,78.00%,60,63.00%,79,3,No,High,High School,High,7,6,High,High,Low,1,Medium,47,Fail
Fiona Gallagher,Female,25,35,57.00%,64,62.00%,89,3,No,Medium,Master's,Medium,9,2,Low,Low,Medium,1,Medium,69,Pass
Jane Doe,Female,22,36,52.00%,55,60.00%,63,0,Yes,Low,Bachelor's,Low,6,5,High,High,Medium,1,Medium,81,Pass
Fiona Gallagher,Female,19,27,97.00%,67,90.00%,91,3,Yes,Medium,PhD,Low,8,4,High,Low,Medium,4,High,30,Pass
Jane Doe,Female,25,9,56.00%,70,90.00%,82,1,Yes,Low,Bachelor's,Medium,10,1,Low,Low,High,4,Low,24,Pass
Hannah Abbott,Male,20,36,59.00%,62,82.00%,93,1,Yes,Medium,High School,Medium,8,2,High,Low,Low,4,Low,101,Fail
Charlie Brown,Male,25,2,82.00%,100,63.00%,92,0,No,Medium,PhD,Low,6,5,Medium,Medium,High,3,Medium,40,Fail
Hannah Abbott,Male,22,22,85.00%,95,88.00%,50,2,Yes,Medium,PhD,Low,5,7,Low,Low,High,4,High,86,Pass
George Costanza,Female,20,13,78.00%,55,76.00%,64,2,No,High,Master's,Low,8,4,Low,High,Low,5,Low,99,Pass
Jane Doe,Male,25,6,94.00%,62,83.00%,81,1,Yes,High,Master's,Medium,4,5,High,Low,Medium,5,Low,14,Pass
Diana Prince,Male,21,21,87.00%,63,86.00%,96,0,No,High,High School,High,7,3,Medium,Low,Medium,3,Medium,93,Fail
George Costanza,Female,19,14,99.00%,74,92.00%,73,3,No,Low,Bachelor's,High,10,8,Low,Low,High,0,High,66,Fail
Jane Doe,Female,18,15,67.00%,84,74.00%,69,3,Yes,High,Master's,High,4,2,High,High,Low,3,Low,48,Fail
Hannah Abbott,Male,21,38,98.00%,62,75.00%,91,2,No,Low,Master's,Low,5,6,High,High,Medium,5,Low,14,Pass
George Costanza,Female,21,4,64.00%,51,72.00%,99,0,No,Low,PhD,Medium,6,6,Medium,Low,Low,1,Medium,75,Fail
Jane Doe,Female,18,15,98.00%,63,89.00%,52,1,Yes,High,Bachelor's,High,10,5,High,Low,High,0,High,98,Fail
Fiona Gallagher,Female,25,19,89.00%,67,95.00%,77,1,No,Medium,High School,High,5,6,Medium,Low,High,4,Low,14,Pass
George Costanza,Female,21,29,95.00%,78,56.00%,57,2,No,Low,Bachelor's,Low,9,6,High,Medium,Medium,5,High,51,Pass
Hannah Abbott,Female,22,27,57.00%,96,92.00%,64,3,No,Low,Master's,Low,8,7,High,Low,Medium,3,Low,67,Fail
Evan Wright,Female,21,23,55.00%,70,56.00%,81,1,No,Low,Bachelor's,Medium,5,2,Low,Low,High,5,Medium,91,Pass
Charlie Brown,Female,18,7,60.00%,89,65.00%,91,0,Yes,Medium,High School,Low,9,5,High,Low,Low,0,Medium,41,Pass
Hannah Abbott,Male,22,21,89.00%,54,92.00%,52,1,Yes,Medium,PhD,High,10,8,Low,Low,Medium,1,High,93,Pass
John Doe,Female,21,12,99.00%,56,89.00%,96,2,No,Medium,Bachelor's,Low,6,3,Medium,Medium,Low,5,Low,109,Fail
Charlie Brown,Female,23,5,52.00%,59,100.00%,82,2,No,Low,Master's,Low,7,7,Medium,High,Medium,5,High,72,Fail
Bob Smith,Male,19,13,58.00%,74,97.00%,91,1,Yes,Low,PhD,Medium,7,4,High,Medium,High,1,High,28,Pass
John Doe,Female,24,26,78.00%,69,68.00%,59,2,Yes,High,High School,High,10,3,Medium,High,High,0,Medium,55,Fail
Diana Prince,Male,25,24,77.00%,86,94.00%,75,3,No,Medium,High School,High,4,2,Low,High,High,5,Low,85,Pass
Evan Wright,Female,24,35,76.00%,62,63.00%,70,1,Yes,Medium,PhD,Low,5,5,Low,Medium,High,5,Low,79,Pass
Charlie Brown,Female,22,40,67.00%,52,86.00%,83,0,Yes,High,High School,Medium,10,3,High,Medium,High,3,Medium,49,Fail
Evan Wright,Female,19,26,79.00%,87,94.00%,67,3,No,High,High School,High,7,7,High,High,Medium,3,Medium,85,Pass
Bob Smith,Male,21,19,72.00%,84,90.00%,83,1,No,Medium,PhD,High,9,4,High,Medium,Low,2,Low,43,Fail
Fiona Gallagher,Male,21,3,93.00%,87,86.00%,67,2,Yes,Medium,Bachelor's,Medium,9,6,Low,Low,Low,4,Low,93,Pass
Jane Doe,Female,21,9,74.00%,93,84.00%,74,2,Yes,High,PhD,Medium,8,2,Medium,Medium,High,1,Medium,103,Fail
Alice Johnson,Male,18,0,95.00%,84,50.00%,69,3,No,Medium,Bachelor's,Low,7,4,High,Low,Low,3,Medium,54,Fail
Evan Wright,Male,24,36,78.00%,69,56.00%,83,3,Yes,High,Bachelor's,Low,4,7,Low,High,Low,1,High,51,Fail
Charlie Brown,Female,19,34,76.00%,97,78.00%,82,3,No,Low,PhD,High,5,8,Low,High,High,2,High,45,Pass
Fiona Gallagher,Female,19,2,75.00%,81,85.00%,97,3,No,High,Master's,Low,8,4,High,High,Low,0,Medium,47,Fail
John Doe,Female,19,28,94.00%,53,77.00%,67,3,Yes,Low,PhD,Low,6,8,High,Medium,Low,0,Low,111,Pass
Alice Johnson,Female,20,24,76.00%,50,85.00%,99,2,Yes,Low,High School,High,6,2,Medium,Low,Medium,5,High,18,Pass
Alice Johnson,Male,18,13,82.00%,57,84.00%,62,1,Yes,Low,Master's,High,7,8,Medium,Low,Medium,4,Medium,101,Pass
Hannah Abbott,Male,19,16,99.00%,66,93.00%,53,0,Yes,High,PhD,Low,10,5,High,Medium,High,4,Low,31,Pass
Jane Doe,Male,20,2,70.00%,99,89.00%,69,1,No,Low,Master's,Medium,5,1,High,Medium,Medium,2,Medium,62,Pass
George Costanza,Female,23,11,52.00%,50,62.00%,65,0,Yes,High,PhD,High,10,4,Low,High,Medium,4,Low,64,Pass
Hannah Abbott,Female,19,12,52.00%,90,68.00%,96,1,Yes,Medium,High School,Medium,5,1,High,High,Low,3,Medium,21,Fail
Diana Prince,Male,20,0,78.00%,87,73.00%,65,0,No,Medium,Master's,Low,5,8,Medium,High,Low,5,Medium,64,Fail
Alice Johnson,Female,20,32,56.00%,89,53.00%,68,1,No,Low,High School,Low,5,4,Low,High,Low,5,Medium,83,Pass
Jane Doe,Female,25,10,74.00%,90,87.00%,94,1,No,Medium,Bachelor's,Low,8,6,Medium,High,Medium,3,Low,101,Pass
Hannah Abbott,Male,22,1,55.00%,78,60.00%,89,2,No,Low,Master's,Medium,5,6,Medium,Medium,Medium,0,Medium,25,Fail
Evan Wright,Female,20,8,92.00%,63,59.00%,81,2,Yes,Low,PhD,Low,9,2,Medium,High,Medium,3,Medium,16,Fail
Diana Prince,Male,25,36,75.00%,93,88.00%,88,3,No,High,High School,Low,7,5,Medium,High,High,0,Low,80,Fail
Diana Prince,Male,24,37,59.00%,76,63.00%,60,1,Yes,High,Master's,Medium,4,8,Low,High,Low,0,High,95,Pass
Jane Doe,Male,24,8,88.00%,59,79.00%,98,3,Yes,Medium,Bachelor's,High,4,4,High,Low,Medium,2,Low,29,Fail
George Costanza,Female,21,17,55.00%,63,52.00%,70,3,No,High,High School,Low,7,4,Low,High,High,5,Low,75,Fail
Charlie Brown,Male,19,40,96.00%,85,92.00%,97,0,No,Low,Bachelor's,Medium,5,4,Low,Medium,High,5,Low,36,Pass
Charlie Brown,Female,23,34,55.00%,56,60.00%,54,0,No,Low,Bachelor's,High,8,7,Medium,High,Medium,5,Medium,94,Pass
Jane Doe,Female,22,0,66.00%,89,57.00%,97,0,No,Low,Bachelor's,Medium,9,4,High,Medium,Low,3,Medium,97,Pass
Jane Doe,Male,24,6,99.00%,83,83.00%,77,3,No,Medium,Master's,Medium,10,6,High,High,Low,0,High,17,Pass
John Doe,Male,19,28,77.00%,78,69.00%,85,3,No,Low,High School,Low,5,7,High,Medium,Medium,2,Medium,61,Fail
Bob Smith,Female,20,38,89.00%,53,50.00%,56,3,No,High,PhD,High,9,7,High,Medium,Low,1,Medium,101,Fail
Alice Johnson,Male,19,22,77.00%,54,97.00%,79,1,Yes,High,PhD,Low,10,8,Medium,Low,Medium,0,High,88,Pass
John Doe,Female,18,4,64.00%,67,76.00%,55,3,No,Low,High School,Medium,9,2,High,Medium,High,3,Low,114,Pass
Bob Smith,Female,25,17,67.00%,90,65.00%,91,3,Yes,Low,PhD,High,8,1,High,Low,Medium,4,High,27,Fail
Alice Johnson,Female,21,3,56.00%,87,55.00%,57,1,Yes,High,High School,Low,7,1,Medium,Low,Medium,4,Low,33,Pass
Bob Smith,Female,23,4,69.00%,80,51.00%,60,0,No,High,PhD,Low,8,7,High,Low,Medium,1,High,57,Pass
Jane Doe,Male,21,3,81.00%,63,67.00%,57,3,Yes,High,High School,Low,8,1,Medium,Low,Medium,0,High,32,Fail
Charlie Brown,Female,23,19,98.00%,66,59.00%,78,3,Yes,High,Bachelor's,Low,4,8,Medium,Low,Low,4,Low,16,Pass
Alice Johnson,Male,23,23,93.00%,96,95.00%,70,3,Yes,Low,Master's,High,10,3,High,Low,Medium,1,Low,98,Pass
Alice Johnson,Male,22,9,65.00%,73,63.00%,97,3,No,High,High School,High,9,3,Medium,High,Medium,5,Low,34,Fail
Jane Doe,Female,22,15,75.00%,61,73.00%,96,3,Yes,Low,Bachelor's,Low,9,2,High,High,Medium,5,Medium,99,Fail
George Costanza,Female,19,37,77.00%,51,63.00%,72,3,Yes,Medium,Bachelor's,High,4,6,Medium,High,Low,3,Low,51,Pass
Alice Johnson,Female,25,31,83.00%,83,58.00%,69,0,No,Low,High School,Medium,7,4,Medium,Low,Medium,3,Medium,46,Pass
Alice Johnson,Female,23,39,68.00%,63,87.00%,50,2,Yes,Medium,High School,Medium,6,6,Medium,Medium,Low,3,Low,62,Pass
Diana Prince,Male,19,12,56.00%,100,87.00%,99,0,No,Low,PhD,Medium,9,7,Low,Medium,Low,4,Medium,11,Fail
Diana Prince,Male,20,15,71.00%,87,94.00%,59,0,No,Low,High School,Low,6,6,Medium,Low,Low,0,Low,14,Fail
Diana Prince,Female,18,28,94.00%,99,73.00%,69,3,No,High,Master's,High,7,5,Medium,Low,High,1,High,49,Fail
Charlie Brown,Female,19,7,99.00%,58,61.00%,88,2,No,Medium,Master's,Medium,6,4,Medium,High,Medium,3,Medium,49,Pass
Hannah Abbott,Male,19,22,84.00%,92,55.00%,89,2,No,High,Bachelor's,High,4,7,Low,Medium,Low,2,Medium,106,Fail
Charlie Brown,Female,23,11,84.00%,95,92.00%,93,2,Yes,High,High School,Medium,9,1,Low,High,Low,2,High,33,Pass
Bob Smith,Male,24,0,79.00%,50,65.00%,74,0,No,High,PhD,High,7,1,Medium,Low,High,1,Low,77,Pass
John Doe,Female,23,8,78.00%,61,77.00%,73,1,No,Medium,PhD,Medium,10,6,Medium,Medium,Medium,0,Low,58,Pass
Evan Wright,Female,25,26,89.00%,98,89.00%,71,2,Yes,High,High School,Medium,4,3,Medium,High,High,3,Low,65,Fail
Bob Smith,Male,23,31,52.00%,62,85.00%,64,1,No,High,Bachelor's,High,10,1,Medium,Low,Medium,2,High,67,Fail
George Costanza,Female,18,3,92.00%,66,68.00%,97,2,No,High,PhD,High,6,8,High,Medium,Medium,3,Low,17,Fail
George Costanza,Male,19,10,51.00%,75,73.00%,85,2,Yes,Medium,Master's,Low,5,4,High,Medium,High,1,High,33,Fail
Alice Johnson,Male,21,16,84.00%,72,61.00%,94,0,Yes,Medium,Master's,High,5,3,High,Medium,Low,1,Low,67,Fail
Alice Johnson,Male,22,37,64.00%,78,84.00%,74,2,Yes,High,Bachelor's,Medium,7,2,Low,Low,High,1,High,72,Pass
Evan Wright,Female,23,16,93.00%,91,81.00%,74,1,Yes,Medium,Master's,Medium,5,2,Low,Low,High,2,Low,93,Fail
Bob Smith,Female,23,13,66.00%,54,71.00%,52,2,Yes,High,PhD,High,7,6,Low,High,Low,2,High,42,Pass
Fiona Gallagher,Female,18,26,71.00%,59,73.00%,72,1,Yes,Low,Bachelor's,High,5,8,Medium,High,Low,0,Low,46,Fail
George Costanza,Male,22,20,81.00%,64,73.00%,64,1,No,Low,High School,High,8,2,High,High,Low,0,Medium,59,Pass
George Costanza,Male,22,38,73.00%,62,58.00%,88,1,No,High,Bachelor's,Medium,9,8,High,Low,High,0,Low,67,Fail
Jane Doe,Male,25,2,73.00%,75,57.00%,57,0,Yes,High,PhD,High,8,6,Medium,High,Medium,1,High,12,Pass
Charlie Brown,Male,23,10,63.00%,71,80.00%,66,2,Yes,High,High School,High,7,3,Low,Medium,Low,2,Low,22,Pass
Alice Johnson,Female,22,2,77.00%,74,81.00%,73,0,Yes,High,PhD,High,7,8,Low,High,Low,4,Low,32,Fail
Evan Wright,Female,23,21,82.00%,55,66.00%,82,2,Yes,Medium,Bachelor's,Low,9,4,Low,Medium,Medium,1,High,106,Pass
John Doe,Male,24,20,79.00%,76,85.00%,95,0,Yes,High,Bachelor's,Low,6,8,Low,Medium,Medium,5,High,18,Pass
John Doe,Male,22,21,75.00%,83,51.00%,68,0,Yes,Low,Bachelor's,High,5,8,Medium,Low,Low,5,High,12,Fail
George Costanza,Male,25,20,92.00%,98,87.00%,88,2,Yes,Medium,PhD,High,8,3,Medium,Low,Low,2,Low,91,Fail
Fiona Gallagher,Female,23,29,61.00%,71,78.00%,50,2,Yes,High,High School,Medium,9,2,Medium,Medium,Low,2,Medium,82,Fail
Evan Wright,Male,18,6,74.00%,57,68.00%,58,2,Yes,Medium,Bachelor's,Low,10,3,Medium,High,Medium,0,Low,110,Pass
Fiona Gallagher,Male,21,4,89.00%,64,89.00%,98,3,No,Medium,PhD,Low,9,4,Medium,Medium,High,1,High,78,Fail
Evan Wright,Male,25,31,97.00%,64,71.00%,79,0,No,High,High School,High,8,6,Medium,Medium,Low,5,High,54,Pass
Charlie Brown,Female,18,4,60.00%,88,68.00%,59,2,Yes,Low,High School,Medium,5,4,Low,Medium,High,2,High,34,Fail
Charlie Brown,Female,19,15,77.00%,86,88.00%,70,0,No,High,Master's,High,4,7,Medium,Low,Low,0,Low,44,Pass
Alice Johnson,Female,20,17,80.00%,56,81.00%,90,2,Yes,High,Bachelor's,Low,7,8,Low,High,High,1,Low,31,Pass
Jane Doe,Male,22,6,98.00%,54,96.00%,93,2,Yes,High,High School,Low,4,1,Medium,Medium,Medium,3,Medium,10,Pass
Bob Smith,Female,22,32,86.00%,85,90.00%,86,1,Yes,Low,Bachelor's,Low,6,1,Medium,Low,High,2,Low,36,Fail
George Costanza,Male,24,32,76.00%,76,93.00%,56,3,Yes,Low,Master's,Low,8,5,Medium,High,Medium,1,Medium,92,Pass
Diana Prince,Male,22,36,55.00%,56,63.00%,69,1,Yes,Low,PhD,High,5,1,Low,High,Low,2,Low,30,Pass
Evan Wright,Female,18,26,72.00%,58,78.00%,76,1,No,High,Master's,Low,10,3,Low,Low,Low,4,High,45,Pass
Fiona Gallagher,Female,19,32,71.00%,70,74.00%,50,0,Yes,High,Master's,High,8,2,Low,Medium,High,2,High,104,Pass
John Doe,Male,18,13,57.00%,65,66.00%,62,2,No,High,Bachelor's,Low,7,2,Low,High,Medium,4,Medium,92,Pass
Evan Wright,Female,19,4,72.00%,59,83.00%,82,1,No,Low,High School,High,9,8,High,High,Medium,2,Low,112,Pass
Charlie Brown,Female,20,14,99.00%,53,62.00%,87,3,No,High,High School,High,9,4,High,High,Low,3,Medium,112,Pass
George Costanza,Female,19,31,83.00%,60,68.00%,89,2,Yes,Low,Bachelor's,Medium,7,8,Medium,Low,Low,5,High,49,Fail
Jane Doe,Male,21,1,82.00%,86,96.00%,73,0,No,Medium,High School,Medium,5,6,Low,High,Medium,0,Medium,78,Fail
Charlie Brown,Female,25,20,61.00%,69,86.00%,55,1,Yes,Low,Bachelor's,Medium,8,4,Low,Medium,High,2,High,71,Fail
Hannah Abbott,Male,25,39,56.00%,52,62.00%,65,2,Yes,High,PhD,High,5,7,High,High,Low,1,Low,83,Fail
Jane Doe,Female,24,39,57.00%,99,56.00%,51,3,Yes,High,Master's,Low,8,8,Medium,Low,Low,3,Medium,102,Pass
George Costanza,Female,22,0,82.00%,96,61.00%,72,1,Yes,Medium,Bachelor's,High,4,2,Medium,High,High,2,Medium,71,Pass
Hannah Abbott,Male,24,7,68.00%,57,75.00%,61,3,Yes,Low,High School,Low,7,7,Low,Medium,Low,4,Medium,113,Fail
Evan Wright,Male,25,2,85.00%,51,53.00%,92,2,No,Low,Bachelor's,Low,6,8,High,Low,High,1,Medium,60,Pass
Bob Smith,Female,18,33,91.00%,99,56.00%,77,3,No,Medium,High School,Low,7,7,High,High,Low,3,Low,55,Pass
Alice Johnson,Female,18,22,96.00%,67,84.00%,79,2,No,Low,High School,Medium,5,8,Medium,Medium,Low,2,Low,44,Fail
Diana Prince,Male,23,32,85.00%,77,66.00%,73,3,No,Medium,Master's,Low,4,6,Low,Medium,Low,0,Medium,51,Pass
Alice Johnson,Male,18,16,86.00%,70,90.00%,62,2,Yes,Low,PhD,Low,9,4,Medium,Medium,High,2,High,74,Fail
Diana Prince,Female,21,9,79.00%,70,76.00%,68,3,Yes,Medium,High School,Low,4,7,Medium,Medium,High,1,Low,18,Fail
Bob Smith,Female,25,39,85.00%,100,59.00%,94,2,No,High,Master's,Low,7,4,Medium,Medium,Medium,0,High,24,Pass
Jane Doe,Female,25,21,71.00%,98,54.00%,67,2,No,Low,PhD,Medium,10,8,High,Low,High,0,Medium,32,Fail
Alice Johnson,Male,24,38,57.00%,96,89.00%,63,2,No,High,High School,Medium,8,6,High,Medium,High,3,High,65,Pass
John Doe,Female,22,31,53.00%,69,86.00%,73,1,No,Medium,High School,High,9,8,Low,Medium,Low,5,Medium,116,Pass
Fiona Gallagher,Male,21,37,84.00%,75,94.00%,89,2,Yes,High,Bachelor's,Medium,5,5,High,Low,Medium,4,High,87,Pass
Alice Johnson,Female,21,3,61.00%,97,85.00%,75,0,Yes,High,Master's,Low,9,1,High,Medium,Medium,5,Medium,103,Pass
Fiona Gallagher,Female,19,30,88.00%,57,74.00%,78,1,No,High,PhD,Low,5,5,High,Medium,High,0,High,11,Pass
Fiona Gallagher,Male,20,32,92.00%,65,75.00%,99,3,No,Medium,PhD,High,7,8,Low,High,Low,3,High,97,Pass
Fiona Gallagher,Female,25,25,81.00%,76,80.00%,99,0,Yes,Low,Bachelor's,High,8,6,High,Low,High,5,Medium,105,Fail
Jane Doe,Male,20,26,72.00%,66,71.00%,79,3,Yes,High,High School,Low,7,8,Low,Medium,High,3,High,10,Fail
Bob Smith,Female,20,13,99.00%,85,62.00%,98,0,No,Medium,PhD,High,5,7,Low,Low,Medium,1,Medium,88,Fail
Hannah Abbott,Male,20,36,52.00%,83,83.00%,55,2,Yes,Low,Bachelor's,Low,8,8,Low,Low,Medium,1,Medium,62,Pass
Bob Smith,Male,25,37,91.00%,89,90.00%,83,2,No,Medium,Bachelor's,High,5,3,Medium,Low,Medium,2,High,29,Pass
Hannah Abbott,Male,20,3,72.00%,63,54.00%,61,0,Yes,Low,High School,High,9,2,Low,Low,Medium,3,High,35,Fail
Evan Wright,Female,24,12,60.00%,71,64.00%,70,1,No,Medium,Bachelor's,Low,6,6,High,High,High,2,Low,91,Pass
Evan Wright,Male,24,16,52.00%,62,61.00%,58,1,Yes,Medium,High School,Medium,6,3,Medium,High,High,4,High,23,Pass
Charlie Brown,Male,19,4,59.00%,66,73.00%,64,2,No,High,Bachelor's,Low,7,1,High,High,High,3,Low,94,Fail
Diana Prince,Female,20,24,66.00%,68,69.00%,69,3,Yes,High,PhD,High,7,2,High,High,High,4,Low,80,Pass
Fiona Gallagher,Female,23,13,58.00%,96,89.00%,65,1,No,Low,Bachelor's,Low,10,6,Low,Low,High,5,Low,60,Pass
Evan Wright,Male,20,9,85.00%,87,75.00%,78,2,Yes,Low,High School,Low,8,5,Low,Medium,Low,2,Low,95,Pass
John Doe,Male,24,13,55.00%,91,75.00%,79,0,No,Medium,Bachelor's,High,9,3,Low,High,Low,4,Medium,56,Fail
John Doe,Male,18,22,93.00%,97,69.00%,91,2,Yes,Low,Master's,Low,7,3,High,Low,Medium,4,Low,31,Pass
Fiona Gallagher,Female,19,34,80.00%,52,98.00%,62,0,Yes,High,High School,Medium,7,1,High,High,Medium,5,Medium,105,Pass
George Costanza,Female,21,33,85.00%,66,86.00%,50,0,No,High,Bachelor's,High,9,5,High,Low,High,1,High,74,Pass
George Costanza,Female,21,27,51.00%,89,100.00%,84,2,Yes,High,High School,Medium,5,3,Medium,High,Low,3,Medium,94,Fail
John Doe,Male,25,9,89.00%,85,53.00%,77,2,Yes,High,PhD,Medium,5,3,Low,High,High,2,High,49,Pass
John Doe,Male,24,8,50.00%,100,94.00%,56,0,Yes,Medium,Master's,High,7,3,Low,High,High,3,Medium,52,Pass
Charlie Brown,Male,24,6,77.00%,54,66.00%,56,2,No,Medium,Master's,High,7,8,Medium,Medium,Low,0,High,82,Fail
Diana Prince,Male,20,4,81.00%,58,91.00%,99,1,Yes,Low,High School,Low,7,2,Low,Low,High,2,Medium,120,Pass
Diana Prince,Male,18,19,60.00%,82,77.00%,78,3,No,Medium,Bachelor's,Medium,10,8,High,High,Medium,0,Low,10,Pass
Hannah Abbott,Female,22,8,68.00%,88,83.00%,84,2,Yes,High,PhD,Medium,8,3,Low,Medium,Low,4,Low,87,Fail
Diana Prince,Female,25,40,59.00%,79,91.00%,99,0,No,High,Bachelor's,High,10,6,Low,High,Low,2,High,35,Fail
Jane Doe,Female,25,14,58.00%,81,88.00%,92,3,No,High,PhD,Low,4,6,Medium,Medium,Medium,1,Medium,109,Pass
Fiona Gallagher,Female,25,40,77.00%,50,90.00%,58,2,Yes,Medium,High School,Low,7,7,High,Medium,Medium,0,Low,30,Pass
Evan Wright,Female,22,10,54.00%,61,66.00%,75,2,Yes,Low,Bachelor's,Low,10,2,Low,High,Low,1,Low,96,Fail
Hannah Abbott,Female,25,36,52.00%,60,89.00%,86,1,No,High,Bachelor's,High,5,5,High,Medium,High,1,Medium,27,Fail
Hannah Abbott,Female,18,32,86.00%,77,100.00%,73,3,Yes,Low,Master's,High,9,3,Low,Medium,High,5,Medium,102,Pass
Evan Wright,Male,22,13,71.00%,94,60.00%,87,3,Yes,High,High School,High,5,3,Medium,High,Medium,2,High,111,Fail
George Costanza,Female,22,40,79.00%,78,50.00%,53,2,Yes,Low,PhD,Medium,6,2,Medium,High,High,1,Medium,118,Pass
Hannah Abbott,Male,21,17,83.00%,69,60.00%,95,2,No,High,Bachelor's,Medium,10,4,Medium,Medium,Medium,3,Medium,91,Fail
Bob Smith,Male,19,28,77.00%,65,91.00%,86,1,Yes,Medium,High School,Low,5,5,Low,High,High,3,High,117,Pass
Bob Smith,Female,19,31,91.00%,58,56.00%,72,3,Yes,High,Bachelor's,Low,5,8,Low,High,High,4,Low,79,Fail
Bob Smith,Female,20,23,95.00%,72,58.00%,93,0,No,Low,Master's,Medium,7,4,Medium,Low,High,2,Low,102,Pass
Diana Prince,Male,21,5,98.00%,88,50.00%,66,1,Yes,Medium,Master's,Low,9,5,Medium,Medium,High,5,Medium,45,Fail
George Costanza,Female,20,3,89.00%,97,66.00%,81,3,Yes,Low,Bachelor's,Medium,5,7,High,Medium,High,1,Medium,51,Fail
Alice Johnson,Female,21,6,50.00%,53,90.00%,91,3,Yes,Low,Master's,Low,9,6,Low,High,Low,2,Low,73,Fail
Hannah Abbott,Male,20,1,75.00%,59,61.00%,90,2,Yes,High,Bachelor's,Medium,4,5,Medium,Medium,Low,4,Medium,14,Fail
Diana Prince,Female,23,10,86.00%,75,69.00%,65,1,No,High,Master's,High,4,1,Medium,High,High,3,Low,98,Fail
Jane Doe,Male,22,9,88.00%,62,86.00%,97,3,No,Low,Bachelor's,Medium,10,2,Medium,High,High,1,Medium,29,Fail
Diana Prince,Male,23,17,71.00%,69,53.00%,64,1,No,Medium,Bachelor's,High,9,8,Medium,Medium,Low,0,Medium,72,Fail
Charlie Brown,Male,22,30,54.00%,67,56.00%,50,0,Yes,Low,High School,Medium,5,6,High,High,High,5,High,72,Pass
Fiona Gallagher,Female,24,0,65.00%,100,100.00%,85,0,Yes,Low,PhD,Low,8,5,Medium,Medium,High,3,High,54,Pass
Jane Doe,Male,22,11,56.00%,100,78.00%,53,2,No,High,High School,Low,8,4,High,High,Medium,4,Low,12,Fail
John Doe,Male,18,26,74.00%,77,61.00%,80,3,Yes,High,Master's,Medium,10,4,Medium,Low,Medium,4,High,116,Pass
Hannah Abbott,Female,23,12,73.00%,52,76.00%,81,0,Yes,Medium,Master's,Medium,6,4,Low,Low,Medium,5,Medium,55,Pass
George Costanza,Female,24,1,72.00%,52,88.00%,87,2,No,High,Master's,Low,10,7,Low,High,Medium,2,Medium,73,Pass
Fiona Gallagher,Female,21,2,87.00%,77,67.00%,57,2,No,High,PhD,Low,9,3,Low,Low,Medium,4,Low,106,Fail
Bob Smith,Male,18,18,96.00%,68,90.00%,66,1,Yes,High,High School,Medium,9,7,Low,Medium,Low,3,Low,85,Pass
Fiona Gallagher,Male,23,8,50.00%,82,98.00%,70,0,Yes,Low,Master's,Medium,6,7,Low,Medium,Low,1,Medium,107,Pass
Jane Doe,Male,18,0,55.00%,76,50.00%,94,1,Yes,High,Master's,Low,6,1,Medium,High,High,3,Medium,11,Pass
Evan Wright,Male,23,9,77.00%,86,71.00%,90,2,Yes,Low,Master's,Low,7,3,Low,High,Low,3,Low,38,Fail
George Costanza,Male,19,26,52.00%,84,54.00%,94,2,No,Medium,High School,Low,9,1,Low,High,High,0,High,46,Pass
Bob Smith,Male,19,38,65.00%,63,66.00%,98,0,Yes,Low,Master's,Medium,5,1,Low,High,Low,5,Low,105,Pass
Charlie Brown,Female,24,23,95.00%,100,67.00%,74,1,Yes,Medium,Master's,High,7,5,Medium,High,High,0,High,14,Pass
Evan Wright,Female,25,7,82.00%,74,67.00%,64,0,No,High,High School,High,9,2,High,Low,High,2,High,72,Pass
Jane Doe,Female,23,40,72.00%,57,93.00%,68,1,Yes,High,High School,High,4,6,High,Medium,Low,3,Medium,50,Pass
John Doe,Male,20,28,63.00%,99,55.00%,72,0,Yes,High,Bachelor's,Low,6,6,Medium,High,High,3,High,24,Fail
John Doe,Male,23,19,74.00%,82,75.00%,57,3,No,Low,Master's,Medium,4,6,Medium,High,Medium,3,High,66,Pass
Fiona Gallagher,Female,18,17,62.00%,60,57.00%,91,1,Yes,High,PhD,High,4,4,High,Low,Medium,0,Low,42,Fail
Fiona Gallagher,Female,19,23,56.00%,99,94.00%,64,1,Yes,Low,Master's,Medium,7,2,Medium,Low,Medium,0,High,36,Fail
Jane Doe,Female,20,0,52.00%,96,93.00%,85,0,Yes,Low,High School,Medium,10,2,Low,Low,Medium,4,High,120,Fail
Alice Johnson,Female,25,38,58.00%,60,87.00%,93,1,No,Low,High School,High,9,6,High,Medium,Low,3,High,61,Pass
John Doe,Female,24,35,67.00%,85,71.00%,84,0,Yes,Medium,Master's,Low,5,1,High,Medium,Medium,3,Medium,74,Pass
George Costanza,Male,25,14,83.00%,60,82.00%,68,3,Yes,Low,Master's,High,9,8,Low,Low,Low,0,Low,111,Fail
Jane Doe,Male,24,11,51.00%,66,80.00%,98,2,No,High,High School,Low,9,2,Medium,Medium,Medium,5,Medium,14,Pass
John Doe,Male,18,1,80.00%,56,64.00%,97,2,Yes,High,Bachelor's,High,4,5,Medium,Medium,Medium,3,High,79,Fail
George Costanza,Female,21,30,84.00%,62,54.00%,60,3,No,Medium,Master's,Medium,9,2,Low,Medium,High,4,Low,67,Pass
Bob Smith,Female,19,28,93.00%,78,85.00%,58,3,No,Low,High School,High,6,1,Low,Low,Medium,4,High,62,Fail
Fiona Gallagher,Female,18,19,79.00%,59,93.00%,95,2,Yes,Medium,High School,Low,5,8,High,Low,Low,4,Low,88,Pass
George Costanza,Female,25,21,68.00%,67,54.00%,54,3,Yes,Low,Bachelor's,Low,7,3,Low,Low,High,4,Medium,59,Fail
Hannah Abbott,Female,25,14,63.00%,76,71.00%,91,0,Yes,High,Master's,Low,4,2,High,High,Medium,1,Medium,30,Pass
Jane Doe,Female,25,16,66.00%,96,76.00%,89,1,Yes,Low,High School,High,9,6,Low,Low,Medium,4,Medium,41,Fail
Hannah Abbott,Female,20,28,61.00%,92,50.00%,98,2,No,High,High School,Low,6,6,Medium,High,High,5,High,111,Fail
Jane Doe,Female,20,38,58.00%,84,53.00%,66,3,Yes,Medium,Master's,Low,5,7,Low,Medium,Low,0,Medium,47,Fail
Hannah Abbott,Female,24,4,99.00%,91,95.00%,85,2,No,Medium,High School,High,5,1,Medium,Medium,High,1,Low,95,Fail
Charlie Brown,Male,24,15,98.00%,86,83.00%,68,0,Yes,High,PhD,High,10,2,High,Low,Low,0,Medium,75,Pass
George Costanza,Female,19,18,91.00%,74,91.00%,87,1,No,Medium,Master's,High,6,5,Medium,Medium,High,0,Low,42,Fail
Bob Smith,Male,20,1,62.00%,76,87.00%,68,1,Yes,Medium,Bachelor's,High,6,3,Low,Medium,Medium,5,Low,23,Fail
Fiona Gallagher,Female,25,39,81.00%,69,79.00%,59,3,Yes,High,Master's,High,7,1,Low,High,High,3,Low,16,Fail
John Doe,Female,21,40,82.00%,72,58.00%,73,2,No,Medium,Bachelor's,High,5,1,Low,High,Low,2,Low,120,Pass
Jane Doe,Male,18,8,80.00%,74,52.00%,69,3,Yes,Medium,High School,Medium,7,2,Low,Medium,Medium,1,Medium,71,Fail
Bob Smith,Female,21,5,50.00%,90,88.00%,68,2,Yes,Low,Master's,Medium,10,8,Medium,Low,High,1,Low,31,Fail
Evan Wright,Female,19,25,52.00%,93,75.00%,96,2,No,High,High School,Medium,9,1,High,Low,Medium,0,Low,39,Pass
Diana Prince,Male,23,31,81.00%,65,68.00%,85,1,No,Medium,Master's,High,4,6,Low,High,Low,0,Low,44,Fail
George Costanza,Female,25,32,64.00%,68,99.00%,63,3,Yes,Medium,PhD,Medium,7,7,Low,Low,High,2,Medium,117,Fail
Bob Smith,Male,25,31,74.00%,61,65.00%,70,3,No,Medium,Bachelor's,Medium,10,8,Medium,Medium,Low,4,Low,71,Fail
Fiona Gallagher,Male,23,5,51.00%,50,52.00%,71,3,Yes,Low,Bachelor's,Medium,9,7,Low,Low,Low,1,Medium,47,Fail
Alice Johnson,Male,21,23,90.00%,94,66.00%,90,1,Yes,Medium,High School,High,7,6,High,Medium,High,1,Medium,104,Fail
Bob Smith,Male,22,33,83.00%,90,89.00%,68,3,No,Medium,Master's,Medium,8,6,High,Low,Low,0,Low,39,Pass
Jane Doe,Female,22,25,50.00%,81,86.00%,76,0,No,High,High School,Medium,7,8,Medium,High,High,4,High,92,Pass
John Doe,Female,18,11,51.00%,50,59.00%,97,1,No,Medium,Master's,High,5,5,Low,High,Medium,3,High,113,Fail
George Costanza,Male,20,3,60.00%,61,92.00%,65,2,No,Low,High School,Medium,9,6,Low,Low,Medium,4,Low,10,Pass
Charlie Brown,Female,22,15,60.00%,95,85.00%,93,3,No,Low,Master's,Medium,8,7,Medium,High,Medium,5,Low,20,Pass
Fiona Gallagher,Female,19,37,79.00%,79,69.00%,51,1,No,Medium,PhD,Medium,7,4,High,High,Low,5,High,54,Pass
Charlie Brown,Male,25,39,60.00%,87,61.00%,79,0,No,Low,PhD,Low,8,4,Low,Low,Low,3,Medium,92,Pass
John Doe,Male,24,20,87.00%,96,96.00%,75,3,No,Low,High School,Medium,9,7,High,Low,Low,0,Low,50,Pass
Jane Doe,Female,19,36,76.00%,54,99.00%,61,0,Yes,Medium,Master's,High,6,1,High,Medium,Low,0,Medium,96,Fail
Alice Johnson,Male,24,19,71.00%,54,68.00%,75,3,Yes,Medium,PhD,Low,5,3,Low,High,Low,2,High,104,Pass
Diana Prince,Male,21,21,57.00%,85,64.00%,59,2,Yes,High,Bachelor's,Low,4,6,High,High,High,2,Low,32,Pass
Diana Prince,Male,18,4,96.00%,59,77.00%,54,0,No,Low,Bachelor's,Medium,8,4,High,Medium,High,1,High,11,Fail
Diana Prince,Female,20,30,83.00%,58,63.00%,86,0,Yes,High,Bachelor's,Low,4,2,High,Medium,Medium,5,Medium,40,Pass
Evan Wright,Female,21,32,58.00%,85,83.00%,64,3,No,Low,Master's,High,9,6,Low,Low,High,2,High,54,Fail
Alice Johnson,Female,24,17,67.00%,77,65.00%,74,3,Yes,Low,Master's,Low,7,8,Medium,Medium,Low,0,High,52,Pass
Evan Wright,Female,25,0,73.00%,81,90.00%,73,0,No,High,Master's,High,5,3,Low,High,Low,1,Medium,50,Fail
John Doe,Male,23,23,82.00%,97,93.00%,76,1,Yes,Low,PhD,Low,4,7,Low,Low,Low,0,High,18,Pass
George Costanza,Male,21,12,81.00%,70,74.00%,87,3,Yes,Low,PhD,Medium,10,5,Low,Medium,Low,3,High,115,Pass
Alice Johnson,Male,20,17,59.00%,71,76.00%,75,1,Yes,Low,Bachelor's,High,4,1,Low,High,High,3,Medium,76,Pass
Evan Wright,Male,24,9,84.00%,74,55.00%,54,0,Yes,Low,Bachelor's,Low,7,6,Low,High,Low,3,Medium,69,Pass
Fiona Gallagher,Female,23,8,57.00%,72,54.00%,79,0,Yes,Medium,Master's,High,5,1,High,High,High,2,Medium,40,Fail
Diana Prince,Male,18,19,94.00%,67,72.00%,100,2,Yes,Low,Bachelor's,High,5,2,Low,Medium,High,3,High,27,Fail
Diana Prince,Male,23,9,51.00%,50,75.00%,70,0,Yes,High,High School,Low,5,1,Medium,Medium,Low,3,High,43,Fail
Alice Johnson,Female,23,40,57.00%,85,62.00%,76,0,No,Low,Bachelor's,High,4,1,Low,High,High,1,Medium,15,Pass
John Doe,Female,21,11,83.00%,53,56.00%,63,1,Yes,Medium,High School,Low,9,6,High,Low,Medium,5,High,61,Pass
Evan Wright,Male,25,19,69.00%,84,57.00%,60,3,No,Medium,Bachelor's,Medium,5,4,Low,Medium,Low,3,Low,59,Pass
Hannah Abbott,Female,22,1,76.00%,83,87.00%,87,2,Yes,Medium,Master's,Low,4,7,Medium,Medium,High,1,Low,98,Fail
George Costanza,Female,22,3,63.00%,82,65.00%,68,3,No,High,High School,Medium,4,4,High,Low,High,3,High,43,Fail
Fiona Gallagher,Female,24,2,93.00%,80,91.00%,64,0,No,Low,Master's,Medium,10,6,Low,Medium,Medium,0,Medium,49,Fail
Bob Smith,Male,25,16,62.00%,80,64.00%,61,2,Yes,Medium,Master's,Low,5,7,Medium,Low,Medium,0,High,52,Pass
John Doe,Female,22,40,54.00%,96,82.00%,64,3,Yes,Medium,Master's,Low,9,6,Medium,Low,Low,4,Medium,111,Pass
Alice Johnson,Male,19,21,61.00%,97,82.00%,92,2,Yes,Medium,Master's,Low,8,8,Low,Medium,Low,3,Low,45,Pass
Bob Smith,Male,20,4,97.00%,91,64.00%,85,1,Yes,Medium,PhD,Medium,4,6,Medium,High,Medium,5,High,45,Pass
Diana Prince,Female,25,38,74.00%,57,74.00%,97,2,No,Medium,Master's,Medium,7,3,Medium,High,Medium,3,High,119,Fail
George Costanza,Male,25,16,61.00%,95,92.00%,82,2,Yes,Low,PhD,Low,6,6,High,High,Low,1,Low,98,Pass
Jane Doe,Female,18,30,89.00%,96,54.00%,89,3,Yes,Medium,PhD,Medium,7,2,Medium,Low,High,0,Low,50,Fail
Fiona Gallagher,Female,21,38,66.00%,95,97.00%,66,1,No,Medium,Bachelor's,Low,5,8,High,Medium,Low,0,Medium,48,Fail
Evan Wright,Female,22,3,73.00%,70,60.00%,81,0,Yes,Medium,Master's,High,10,4,Low,Medium,Low,0,Low,72,Fail
Evan Wright,Male,23,6,89.00%,93,51.00%,88,3,Yes,Low,Master's,Low,8,1,High,High,Low,0,Low,103,Fail
Charlie Brown,Male,21,7,96.00%,55,73.00%,81,2,Yes,High,Bachelor's,High,6,7,High,Low,Low,5,High,55,Fail
Alice Johnson,Female,21,14,68.00%,86,78.00%,52,3,No,Medium,High School,Medium,10,5,High,High,Medium,1,High,50,Pass
Diana Prince,Male,19,28,60.00%,76,52.00%,97,0,Yes,Low,Bachelor's,Medium,7,3,Low,Medium,Medium,4,Low,37,Fail
Jane Doe,Male,23,37,63.00%,89,93.00%,89,0,No,Medium,PhD,Medium,5,5,Medium,High,Medium,5,Medium,70,Pass
Charlie Brown,Male,24,1,71.00%,65,50.00%,97,0,Yes,High,Master's,Low,5,4,High,Medium,High,3,High,74,Pass
Hannah Abbott,Female,19,15,71.00%,96,92.00%,67,2,Yes,Medium,PhD,High,9,4,Medium,Medium,High,0,Low,108,Pass
Hannah Abbott,Female,20,35,71.00%,64,73.00%,89,1,Yes,Medium,Bachelor's,Low,8,8,Low,Medium,High,4,High,86,Pass
Hannah Abbott,Female,18,5,90.00%,59,90.00%,54,1,Yes,Low,PhD,Low,9,5,Medium,Low,Low,2,High,93,Pass
Evan Wright,Female,22,34,89.00%,93,90.00%,52,2,No,Low,PhD,Medium,9,5,Medium,High,High,2,High,115,Pass
George Costanza,Female,23,11,98.00%,92,89.00%,52,2,No,Medium,High School,High,5,8,Medium,Medium,Low,4,Low,52,Pass
Fiona Gallagher,Male,20,14,54.00%,67,53.00%,63,2,Yes,Low,Master's,High,8,8,High,Low,Medium,3,Medium,53,Fail
Alice Johnson,Male,23,22,80.00%,57,90.00%,68,2,Yes,Low,Master's,Low,8,2,Low,High,High,1,Low,17,Pass
Evan Wright,Female,25,10,64.00%,62,100.00%,82,0,Yes,High,Master's,Medium,7,5,High,Low,Medium,3,Low,87,Fail
Evan Wright,Female,23,38,85.00%,71,67.00%,91,0,No,Medium,PhD,Medium,9,1,Low,Low,Low,5,High,35,Pass
Hannah Abbott,Male,20,13,55.00%,75,58.00%,58,2,Yes,Medium,PhD,Low,10,5,Medium,Low,Low,0,High,62,Fail
John Doe,Female,25,4,74.00%,52,67.00%,57,0,No,Low,Master's,Medium,4,8,High,Medium,Medium,1,High,40,Pass
Evan Wright,Male,21,21,94.00%,69,91.00%,93,2,No,Medium,High School,Medium,6,3,High,High,High,1,Low,21,Fail
George Costanza,Female,19,19,83.00%,65,64.00%,63,0,Yes,Low,Bachelor's,Medium,5,6,Medium,Low,High,4,High,95,Pass
Bob Smith,Female,19,1,90.00%,51,90.00%,54,0,Yes,Medium,High School,Low,5,8,High,High,High,5,Low,52,Pass
John Doe,Female,23,27,57.00%,85,73.00%,86,2,No,High,High School,Medium,10,8,Low,High,Medium,5,Low,114,Fail
Bob Smith,Female,23,26,64.00%,70,78.00%,68,2,Yes,Medium,Bachelor's,Medium,4,6,Medium,Medium,High,3,Medium,21,Pass
Hannah Abbott,Male,22,23,75.00%,66,65.00%,51,1,No,Medium,High School,Medium,7,4,High,Low,Medium,4,Low,106,Pass
George Costanza,Female,24,39,78.00%,78,51.00%,54,2,Yes,Medium,High School,High,8,3,Low,Medium,Low,2,Low,34,Fail
John Doe,Male,20,31,53.00%,74,65.00%,57,0,Yes,High,Bachelor's,Low,7,2,High,Low,Low,3,Medium,28,Fail
George Costanza,Male,20,21,84.00%,79,97.00%,87,3,Yes,High,PhD,High,7,5,Low,Low,Medium,4,High,46,Fail
Diana Prince,Male,25,0,95.00%,84,76.00%,67,2,No,High,PhD,Medium,5,3,Low,Low,Low,5,Medium,50,Pass
Charlie Brown,Male,24,29,56.00%,74,60.00%,65,2,Yes,Medium,Bachelor's,Low,6,2,High,Low,Low,4,Medium,108,Pass
Jane Doe,Female,20,21,95.00%,74,71.00%,83,0,Yes,Low,High School,High,5,8,High,Medium,High,3,Medium,91,Fail
Charlie Brown,Female,21,10,72.00%,50,98.00%,52,0,Yes,Low,High School,Low,5,4,Medium,High,Medium,2,High,90,Pass
Diana Prince,Male,19,8,87.00%,67,83.00%,90,0,No,Low,Master's,Low,8,2,Low,High,Medium,1,Low,98,Pass
Jane Doe,Female,18,2,71.00%,85,96.00%,91,0,Yes,Low,Master's,High,8,1,High,Medium,Medium,0,Medium,47,Pass
Bob Smith,Male,22,37,78.00%,92,65.00%,69,0,Yes,Medium,PhD,Medium,8,8,Low,Low,Medium,2,High,23,Pass
Hannah Abbott,Male,20,24,80.00%,73,92.00%,88,1,Yes,Medium,PhD,Low,4,4,Medium,Low,Low,0,High,114,Fail
John Doe,Female,23,39,89.00%,67,91.00%,53,2,No,High,Bachelor's,High,10,4,High,Medium,Low,3,Medium,45,Pass
Diana Prince,Male,22,37,81.00%,68,75.00%,62,0,Yes,High,Bachelor's,High,8,7,High,High,Medium,3,High,47,Fail
Diana Prince,Female,21,4,52.00%,68,52.00%,82,1,No,Medium,Master's,Medium,4,2,High,Medium,High,2,High,79,Pass
John Doe,Male,20,30,78.00%,92,76.00%,63,3,Yes,Low,PhD,High,6,1,Medium,High,High,5,Medium,64,Pass
Charlie Brown,Male,23,22,87.00%,80,51.00%,61,1,No,Low,PhD,Low,10,4,High,Medium,High,3,Low,117,Fail
Jane Doe,Male,22,31,86.00%,91,62.00%,96,3,Yes,High,PhD,Medium,7,5,Medium,Low,High,0,Low,21,Pass
George Costanza,Male,22,28,100.00%,88,71.00%,70,1,Yes,High,Master's,Medium,7,8,High,Medium,Medium,1,Medium,12,Fail
Bob Smith,Female,20,22,76.00%,82,63.00%,62,3,No,Medium,PhD,Medium,9,3,Low,High,Medium,1,High,74,Fail
Bob Smith,Male,23,33,70.00%,98,96.00%,81,1,No,Medium,PhD,Low,4,7,Low,Low,High,4,High,20,Pass
Evan Wright,Male,19,0,98.00%,51,88.00%,52,2,No,Low,PhD,Low,5,8,High,Low,High,4,High,55,Fail
George Costanza,Male,23,8,80.00%,62,90.00%,98,3,No,High,Bachelor's,Medium,7,8,High,High,High,3,Medium,69,Pass
Bob Smith,Male,19,38,79.00%,88,83.00%,50,2,Yes,Low,High School,Low,6,2,Medium,High,Medium,0,Low,55,Fail
Bob Smith,Female,21,25,96.00%,75,55.00%,52,1,Yes,Medium,Bachelor's,Medium,10,6,Low,Medium,Low,1,Medium,81,Pass
Jane Doe,Male,18,12,59.00%,100,68.00%,66,2,Yes,Medium,Master's,Medium,9,7,High,High,Low,3,Medium,21,Pass
Bob Smith,Female,20,34,97.00%,89,53.00%,74,0,No,Medium,Master's,High,9,6,Medium,Medium,High,3,Medium,63,Fail
John Doe,Male,21,28,73.00%,65,74.00%,97,3,No,Low,PhD,High,4,6,Low,Low,Medium,2,Medium,20,Fail
Bob Smith,Male,21,10,82.00%,95,92.00%,57,0,No,Low,PhD,Medium,4,3,Low,High,Low,0,High,93,Pass
Diana Prince,Male,21,34,70.00%,50,72.00%,100,2,No,Medium,Master's,Medium,9,7,Low,Medium,High,1,Medium,23,Fail
Alice Johnson,Male,22,17,96.00%,87,90.00%,57,0,Yes,High,High School,Low,9,8,Low,Medium,Medium,1,Low,31,Fail
John Doe,Female,19,22,61.00%,66,92.00%,98,1,Yes,Medium,Bachelor's,Medium,7,2,High,High,High,5,Low,40,Fail
George Costanza,Male,21,24,99.00%,84,86.00%,95,2,No,Medium,PhD,High,8,1,Medium,High,High,3,Low,44,Pass
Diana Prince,Male,21,7,76.00%,81,59.00%,85,1,No,High,Master's,Medium,7,4,Medium,Low,Medium,4,High,73,Pass
John Doe,Female,21,5,80.00%,54,91.00%,55,3,No,Low,Bachelor's,Medium,7,2,Medium,Medium,Low,2,Low,18,Pass
Bob Smith,Female,20,23,85.00%,52,81.00%,62,0,No,High,High School,Low,9,3,High,Medium,Low,5,High,83,Fail
John Doe,Male,23,4,69.00%,94,59.00%,54,0,Yes,Medium,High School,Low,5,7,Medium,Medium,Low,0,Low,31,Fail
Jane Doe,Male,19,11,100.00%,86,64.00%,94,0,No,Low,Master's,High,4,2,High,Low,Medium,2,High,15,Fail
Fiona Gallagher,Female,19,15,51.00%,71,97.00%,58,1,Yes,Medium,Master's,High,5,2,Low,Medium,High,0,Low,36,Fail
Evan Wright,Male,21,29,52.00%,96,85.00%,78,1,Yes,High,Bachelor's,Medium,9,8,Low,High,Medium,3,Medium,52,Pass
Jane Doe,Female,22,34,99.00%,78,98.00%,83,3,Yes,Medium,Master's,High,5,1,Low,Low,High,4,Medium,75,Fail
Diana Prince,Male,19,12,63.00%,80,55.00%,53,1,No,Medium,PhD,High,4,1,Medium,Medium,High,3,Low,75,Pass
Evan Wright,Male,21,6,88.00%,59,57.00%,92,0,No,High,PhD,High,5,6,High,Low,Medium,2,Medium,59,Pass
Evan Wright,Male,23,40,81.00%,67,80.00%,60,0,Yes,High,High School,High,4,7,High,Low,Medium,3,Low,15,Pass
George Costanza,Male,20,10,85.00%,73,57.00%,84,2,Yes,Low,Bachelor's,Medium,5,5,Medium,Low,High,1,Low,117,Fail
John Doe,Male,20,34,95.00%,68,62.00%,66,2,No,Medium,Master's,Low,8,2,Low,Medium,High,4,Low,78,Fail
Alice Johnson,Female,20,1,51.00%,50,60.00%,66,1,Yes,Medium,Bachelor's,Low,8,4,Low,Low,High,5,High,29,Pass
Hannah Abbott,Female,18,10,72.00%,70,65.00%,58,1,No,High,PhD,High,6,5,Medium,High,Low,1,Low,109,Pass
John Doe,Male,25,14,82.00%,65,78.00%,50,0,No,Medium,Master's,High,8,7,High,High,High,3,Low,43,Pass
John Doe,Male,22,6,61.00%,67,81.00%,53,2,Yes,Low,PhD,Low,8,8,Low,Medium,High,3,Medium,77,Fail
Evan Wright,Female,21,32,70.00%,56,75.00%,53,0,No,High,High School,Medium,4,8,Medium,Medium,High,2,High,35,Fail
George Costanza,Male,19,27,63.00%,82,50.00%,54,0,No,High,Bachelor's,High,9,8,Medium,Medium,High,5,High,37,Pass
Jane Doe,Male,24,7,69.00%,50,93.00%,57,2,No,High,Bachelor's,Medium,10,4,Low,High,Medium,4,Low,97,Pass
Diana Prince,Female,20,34,76.00%,72,80.00%,69,0,Yes,High,Bachelor's,Medium,7,7,Medium,Medium,Low,0,Medium,50,Pass
Bob Smith,Female,21,18,75.00%,98,96.00%,96,3,Yes,Low,Master's,Medium,10,2,Low,High,Medium,2,High,83,Pass
Charlie Brown,Male,18,18,91.00%,73,95.00%,84,2,Yes,High,PhD,High,5,4,High,Low,High,0,Low,82,Pass
Fiona Gallagher,Male,25,39,66.00%,87,60.00%,66,0,No,Medium,Bachelor's,High,4,2,Medium,High,Low,1,Low,58,Pass
Fiona Gallagher,Male,21,18,77.00%,74,66.00%,90,2,Yes,Medium,Bachelor's,Medium,4,1,High,High,High,4,Low,13,Fail
Evan Wright,Male,25,14,54.00%,52,95.00%,56,1,No,High,Master's,Low,4,2,High,High,Low,5,Medium,81,Pass
Alice Johnson,Male,23,32,67.00%,71,64.00%,96,1,No,High,High School,High,8,2,Low,Low,High,0,High,12,Fail
Jane Doe,Male,25,6,74.00%,58,78.00%,59,0,No,High,Master's,High,5,1,High,Low,High,3,Medium,118,Fail
John Doe,Male,18,10,62.00%,73,78.00%,90,1,Yes,Low,PhD,Medium,9,1,Low,Low,Low,3,Medium,70,Pass
George Costanza,Male,22,35,95.00%,76,52.00%,99,1,Yes,High,High School,Low,4,8,High,High,Medium,2,High,89,Pass
Fiona Gallagher,Female,18,15,75.00%,82,84.00%,90,3,No,Medium,Bachelor's,High,7,7,Medium,Low,Medium,1,High,81,Pass
Bob Smith,Male,23,36,95.00%,81,90.00%,96,0,Yes,Medium,Bachelor's,Low,7,4,Medium,Low,Medium,0,Low,116,Fail
Diana Prince,Female,22,38,53.00%,66,73.00%,75,2,Yes,High,Bachelor's,Low,5,4,Medium,High,Low,3,Low,96,Fail
Diana Prince,Female,20,38,99.00%,97,89.00%,99,3,Yes,High,Bachelor's,Medium,9,4,Medium,Medium,High,2,High,114,Fail
Charlie Brown,Male,18,25,63.00%,67,62.00%,78,1,Yes,High,Master's,Medium,7,1,Medium,Medium,High,3,High,22,Fail
Alice Johnson,Female,22,24,58.00%,67,100.00%,67,1,No,Medium,Bachelor's,High,6,3,High,High,High,3,Low,46,Pass
Fiona Gallagher,Female,19,18,73.00%,68,92.00%,54,1,Yes,Medium,High School,Medium,6,4,Low,High,Medium,1,Medium,80,Pass
George Costanza,Male,18,3,75.00%,55,55.00%,79,0,Yes,Low,High School,Medium,6,7,Medium,Medium,High,4,High,74,Pass
Evan Wright,Male,25,18,68.00%,61,85.00%,50,2,Yes,High,Bachelor's,High,4,2,Medium,High,Low,0,Medium,54,Fail
Fiona Gallagher,Male,20,29,65.00%,84,77.00%,62,1,Yes,Medium,Master's,Low,5,4,Low,Medium,High,2,High,59,Pass
Charlie Brown,Female,22,16,65.00%,88,81.00%,81,3,No,High,Bachelor's,Low,6,1,High,High,High,1,Medium,113,Pass
George Costanza,Male,22,28,61.00%,82,65.00%,76,0,Yes,Medium,Bachelor's,Low,10,4,Medium,Medium,Medium,3,Low,41,Fail
Bob Smith,Female,19,16,58.00%,96,73.00%,86,3,Yes,High,Bachelor's,Low,10,4,High,High,Low,5,High,15,Fail
Charlie Brown,Female,18,19,87.00%,65,96.00%,67,3,Yes,Medium,High School,Medium,5,5,High,Low,Medium,1,Medium,35,Pass
John Doe,Male,19,23,88.00%,54,55.00%,59,2,Yes,Medium,PhD,High,4,7,Medium,High,Medium,2,Medium,70,Pass
Jane Doe,Female,19,30,61.00%,69,90.00%,92,2,No,High,Bachelor's,Low,6,1,High,High,Low,0,Low,56,Pass
Bob Smith,Female,24,7,60.00%,70,83.00%,72,1,Yes,Low,PhD,High,9,4,High,Low,Low,2,Medium,11,Fail
Bob Smith,Female,23,28,79.00%,91,86.00%,66,3,Yes,High,PhD,Low,5,3,High,Medium,High,3,Medium,29,Pass
George Costanza,Female,18,31,69.00%,100,87.00%,71,1,Yes,Low,High School,Medium,4,7,Low,Low,Medium,5,Medium,115,Fail
Charlie Brown,Male,21,40,74.00%,52,55.00%,56,0,No,Low,High School,High,6,4,Low,High,High,5,High,71,Fail
Fiona Gallagher,Female,24,0,65.00%,85,64.00%,70,3,Yes,Medium,Master's,Low,8,1,Medium,Low,Medium,4,Low,92,Pass
Alice Johnson,Male,18,16,95.00%,57,74.00%,87,0,No,High,High School,High,5,4,Medium,Low,Medium,3,Medium,10,Pass
Hannah Abbott,Female,25,9,67.00%,71,64.00%,55,3,Yes,Low,PhD,Medium,5,5,Low,High,Medium,4,Low,63,Pass
Charlie Brown,Female,21,30,65.00%,87,82.00%,63,0,No,Medium,High School,High,4,4,Medium,Low,High,5,High,24,Pass
Alice Johnson,Female,22,2,57.00%,100,71.00%,66,0,No,Low,Bachelor's,Medium,5,6,Medium,High,Medium,1,High,73,Fail
Alice Johnson,Male,20,36,80.00%,84,55.00%,92,2,No,Low,High School,Low,8,3,High,Medium,High,0,High,16,Pass
Evan Wright,Female,23,1,86.00%,64,71.00%,94,2,Yes,High,High School,Medium,5,4,Medium,Medium,Low,1,High,24,Pass
Bob Smith,Male,19,20,51.00%,75,50.00%,91,2,Yes,Medium,PhD,High,4,3,High,Medium,High,5,Medium,42,Fail
Evan Wright,Male,18,0,64.00%,70,72.00%,74,1,Yes,High,High School,Medium,6,7,High,High,Low,1,High,73,Pass
John Doe,Female,21,26,64.00%,57,67.00%,66,2,Yes,Low,Bachelor's,Low,6,1,Medium,High,High,1,High,95,Fail
Jane Doe,Female,23,19,94.00%,79,50.00%,100,0,No,Medium,High School,High,7,8,Low,Low,Medium,0,High,117,Pass
Hannah Abbott,Male,24,40,90.00%,93,71.00%,59,3,No,High,Master's,Low,7,7,Low,High,Medium,3,Medium,105,Fail
Hannah Abbott,Male,21,39,55.00%,52,65.00%,50,0,No,Low,PhD,High,6,2,Medium,Low,High,4,Low,24,Fail
Alice Johnson,Male,19,36,85.00%,77,89.00%,71,0,No,Medium,High School,Low,10,7,Low,High,Medium,4,Medium,66,Fail
Diana Prince,Male,24,22,55.00%,81,51.00%,61,0,Yes,Low,Bachelor's,Medium,9,6,High,High,Medium,2,High,33,Fail
Jane Doe,Female,18,7,75.00%,50,62.00%,71,0,Yes,Medium,PhD,High,6,6,Medium,Medium,Low,3,Low,100,Pass
Alice Johnson,Male,21,19,82.00%,64,75.00%,67,1,Yes,Low,Bachelor's,Medium,6,5,Low,Low,Low,0,Medium,52,Fail
Jane Doe,Female,22,36,64.00%,64,50.00%,52,3,No,Low,Master's,High,10,8,High,Medium,Medium,2,High,43,Pass
Diana Prince,Female,23,23,67.00%,69,88.00%,82,0,No,Medium,High School,Medium,9,3,High,High,High,3,High,48,Fail
George Costanza,Female,22,4,73.00%,76,100.00%,82,3,No,Low,High School,High,4,6,Medium,Medium,Medium,4,High,19,Fail
Jane Doe,Female,22,1,69.00%,54,76.00%,79,0,No,Medium,Bachelor's,Medium,4,5,High,Low,Medium,0,Low,83,Pass
Evan Wright,Male,19,35,68.00%,96,73.00%,55,3,Yes,High,PhD,Medium,7,7,Medium,High,High,1,Low,46,Pass
Fiona Gallagher,Male,24,23,91.00%,50,67.00%,58,2,No,High,Master's,High,7,4,Medium,Low,Low,1,Medium,41,Pass
Bob Smith,Male,25,38,90.00%,54,82.00%,85,3,No,Low,Master's,High,4,5,Medium,High,High,1,Low,118,Pass
Charlie Brown,Male,24,5,51.00%,71,83.00%,95,2,Yes,Medium,PhD,Medium,6,8,Low,Low,High,4,Medium,90,Fail
Jane Doe,Female,22,35,61.00%,71,74.00%,74,1,No,Low,Master's,High,8,2,Medium,Low,High,2,Medium,94,Fail
Evan Wright,Male,21,35,88.00%,64,84.00%,67,1,No,High,Bachelor's,Low,5,7,Low,High,Low,0,High,92,Pass
Diana Prince,Male,23,1,64.00%,53,87.00%,74,1,No,Low,High School,Medium,4,4,Medium,Medium,High,1,Low,42,Pass
Evan Wright,Female,25,12,72.00%,80,76.00%,64,0,No,High,High School,High,4,8,High,Low,High,3,Medium,64,Fail
Bob Smith,Female,23,2,98.00%,84,100.00%,52,0,Yes,High,Master's,Medium,5,4,Medium,High,Low,2,High,114,Fail
John Doe,Female,24,10,89.00%,96,71.00%,52,1,No,Low,PhD,Medium,6,3,Low,Low,Low,1,Medium,69,Pass
Alice Johnson,Female,23,40,81.00%,94,62.00%,87,1,Yes,Medium,High School,High,5,1,Medium,Low,High,3,Medium,47,Fail
George Costanza,Male,18,3,61.00%,69,79.00%,81,1,No,Medium,Bachelor's,High,10,1,Low,Low,Medium,5,Medium,37,Fail
Alice Johnson,Female,20,36,80.00%,69,100.00%,61,3,Yes,Low,Bachelor's,Medium,4,5,Medium,Low,High,5,Medium,26,Pass
Jane Doe,Female,20,37,85.00%,58,86.00%,69,1,Yes,Low,Bachelor's,Medium,10,2,Medium,High,Medium,4,Medium,57,Pass
John Doe,Male,23,20,88.00%,96,89.00%,99,2,No,Low,High School,High,7,1,Medium,Low,Medium,3,High,76,Pass
Fiona Gallagher,Female,19,28,71.00%,51,90.00%,88,3,Yes,Medium,Bachelor's,Medium,9,5,Medium,Low,Medium,5,Medium,27,Pass
Diana Prince,Female,23,16,88.00%,65,63.00%,96,3,No,High,High School,Low,7,1,High,High,Low,4,High,87,Fail
Hannah Abbott,Female,18,26,75.00%,85,60.00%,60,1,No,High,Master's,Low,8,2,High,Medium,Low,3,High,49,Pass
Charlie Brown,Male,19,11,58.00%,99,77.00%,95,1,Yes,Low,Master's,Low,8,1,Low,Low,High,5,Medium,88,Pass
Fiona Gallagher,Male,25,10,64.00%,87,68.00%,96,2,No,Low,Master's,Low,4,2,High,Medium,High,1,Medium,12,Pass
Diana Prince,Female,21,12,56.00%,85,100.00%,73,0,No,High,PhD,Medium,5,5,High,Low,High,3,Low,111,Fail
Jane Doe,Female,19,13,57.00%,88,98.00%,87,1,No,Medium,Bachelor's,High,6,3,Medium,Low,Medium,0,High,114,Fail
Charlie Brown,Male,24,22,91.00%,100,96.00%,60,2,No,Medium,PhD,High,5,8,Medium,Low,Low,4,Medium,120,Fail
Fiona Gallagher,Male,23,15,85.00%,90,90.00%,68,3,No,High,High School,Low,8,1,High,Medium,Medium,1,High,96,Fail
Diana Prince,Male,21,17,83.00%,88,81.00%,86,0,Yes,High,PhD,Medium,5,8,Medium,High,High,0,High,26,Pass
Jane Doe,Male,19,3,55.00%,69,54.00%,68,2,Yes,High,PhD,Medium,4,1,Low,Medium,Medium,0,Low,101,Pass
Diana Prince,Male,22,4,64.00%,72,76.00%,70,2,Yes,Medium,Bachelor's,High,5,8,High,Low,Medium,4,Medium,30,Pass
John Doe,Female,19,34,81.00%,83,80.00%,62,3,No,Low,Bachelor's,Medium,6,1,Medium,Low,Low,3,Low,43,Pass
Jane Doe,Male,18,32,77.00%,64,67.00%,95,1,Yes,Medium,Bachelor's,High,5,1,Low,Low,High,3,Low,28,Fail
Fiona Gallagher,Female,19,17,96.00%,73,98.00%,93,2,Yes,Low,Master's,High,4,6,Medium,Medium,Medium,3,Low,64,Pass
Evan Wright,Male,25,7,100.00%,71,84.00%,82,0,No,High,PhD,Medium,6,2,Low,Low,High,0,Low,101,Pass
Hannah Abbott,Female,19,24,76.00%,75,76.00%,72,0,No,High,High School,High,7,4,Low,Medium,High,3,Low,39,Fail
Jane Doe,Female,18,35,100.00%,53,60.00%,85,0,No,High,Bachelor's,High,9,6,Low,Medium,High,3,Medium,49,Fail
Hannah Abbott,Male,20,16,100.00%,61,100.00%,97,2,Yes,Low,PhD,Low,4,8,Low,High,High,1,Low,89,Fail
Alice Johnson,Male,23,34,83.00%,77,84.00%,84,3,Yes,Medium,Bachelor's,Low,5,7,High,High,Low,3,Low,36,Pass
George Costanza,Male,22,39,58.00%,91,78.00%,100,2,No,High,Master's,High,6,4,High,High,Medium,4,High,105,Pass
Diana Prince,Female,18,26,74.00%,82,95.00%,75,2,No,High,Bachelor's,High,4,8,Low,Low,Medium,1,High,35,Pass
Evan Wright,Female,19,16,82.00%,68,90.00%,71,0,No,Medium,Bachelor's,High,8,7,Low,High,Low,2,High,60,Pass
Jane Doe,Male,20,11,93.00%,72,92.00%,98,2,Yes,Medium,High School,Low,10,5,Medium,Medium,Medium,5,Low,102,Pass
Evan Wright,Male,25,3,96.00%,89,60.00%,57,2,Yes,High,Master's,Medium,8,3,High,Low,High,0,Medium,18,Fail
George Costanza,Male,19,29,88.00%,77,99.00%,86,0,Yes,Low,High School,Medium,5,3,Medium,Medium,High,3,Low,89,Fail
Evan Wright,Female,20,13,58.00%,72,62.00%,61,1,Yes,High,PhD,High,5,7,High,Medium,Medium,1,High,71,Pass
Diana Prince,Female,18,25,78.00%,67,61.00%,61,1,Yes,Low,Master's,Low,8,3,Low,Low,Low,4,Low,59,Pass
Charlie Brown,Female,22,40,84.00%,95,76.00%,87,0,No,High,PhD,Medium,8,6,High,Low,High,1,Medium,21,Fail
Jane Doe,Male,25,2,96.00%,71,56.00%,52,2,Yes,High,Bachelor's,High,9,5,High,Low,Medium,2,Medium,77,Pass
Diana Prince,Male,20,24,72.00%,54,99.00%,81,1,Yes,Low,Master's,Low,6,7,High,Low,Medium,1,Medium,14,Pass
George Costanza,Male,22,25,70.00%,67,82.00%,51,3,No,Low,Bachelor's,Low,5,6,High,High,High,3,High,117,Pass
John Doe,Female,19,0,54.00%,66,78.00%,50,0,Yes,Medium,High School,Low,4,4,Medium,Medium,High,2,Low,39,Pass
John Doe,Male,18,15,92.00%,56,87.00%,65,0,No,Low,Bachelor's,Low,9,2,High,Low,Medium,0,High,113,Pass
George Costanza,Female,20,23,72.00%,71,59.00%,69,3,No,Medium,Bachelor's,High,7,1,Medium,Low,Low,2,Low,26,Fail
Charlie Brown,Female,25,16,61.00%,61,97.00%,54,3,No,Low,Master's,High,6,3,High,High,Medium,0,Medium,119,Pass
Hannah Abbott,Male,22,6,85.00%,89,93.00%,68,1,No,High,Master's,High,10,1,Low,Medium,Low,4,Low,49,Pass
Diana Prince,Male,18,6,50.00%,56,69.00%,63,2,Yes,Low,Bachelor's,Low,10,2,Medium,Medium,High,4,High,80,Pass
Hannah Abbott,Male,20,12,68.00%,91,58.00%,59,3,No,Medium,Bachelor's,High,9,1,Low,High,Low,3,High,47,Fail
Fiona Gallagher,Female,20,23,77.00%,63,71.00%,81,1,No,Low,Bachelor's,Low,9,5,Low,High,Medium,4,High,65,Pass
John Doe,Male,24,6,92.00%,100,77.00%,87,0,No,Medium,PhD,High,6,8,Low,Low,High,2,Low,14,Pass
John Doe,Female,25,14,63.00%,78,77.00%,60,2,No,Low,Bachelor's,High,5,8,Medium,Medium,Medium,4,Medium,112,Pass
Charlie Brown,Male,21,6,91.00%,63,90.00%,67,1,No,Medium,Bachelor's,Low,7,2,Low,Low,Low,2,Low,106,Pass
Alice Johnson,Male,18,24,55.00%,95,61.00%,83,1,Yes,High,Master's,High,8,2,Medium,Medium,Medium,2,Low,114,Pass
Charlie Brown,Male,20,33,50.00%,94,93.00%,73,3,Yes,Low,PhD,Medium,7,4,High,Low,High,4,Low,38,Fail
John Doe,Male,19,20,64.00%,80,100.00%,91,1,No,Medium,PhD,Medium,6,6,High,High,High,0,Low,40,Pass
Jane Doe,Male,21,28,65.00%,67,97.00%,65,0,No,Medium,Bachelor's,High,8,1,Medium,Low,Medium,4,Medium,58,Fail
Jane Doe,Male,25,26,91.00%,91,59.00%,100,0,No,Low,High School,High,4,8,Low,Medium,Medium,3,Medium,50,Pass
Fiona Gallagher,Female,25,11,65.00%,100,72.00%,82,2,No,High,Master's,Low,6,1,High,Medium,High,1,Low,24,Fail
Charlie Brown,Female,21,22,79.00%,61,98.00%,58,0,Yes,Low,PhD,High,5,5,High,Medium,Medium,1,Low,117,Fail
Bob Smith,Male,24,32,95.00%,69,71.00%,94,2,No,Medium,Master's,Low,4,3,Medium,Medium,Medium,2,Medium,63,Pass
Fiona Gallagher,Female,25,4,64.00%,73,80.00%,69,1,Yes,High,High School,Medium,5,7,Medium,High,High,2,High,112,Fail
George Costanza,Female,19,39,74.00%,75,80.00%,89,3,No,High,Bachelor's,High,6,5,High,Medium,Low,3,Medium,11,Pass
John Doe,Male,18,35,73.00%,60,70.00%,99,2,No,Medium,High School,High,8,2,High,High,High,2,Medium,114,Pass
Evan Wright,Female,22,20,53.00%,56,75.00%,57,2,No,High,Bachelor's,High,9,5,Medium,High,High,2,Medium,41,Fail
Alice Johnson,Female,21,21,67.00%,96,86.00%,87,1,No,Low,High School,Medium,5,6,Medium,High,Low,0,Low,104,Fail
George Costanza,Male,21,17,73.00%,89,79.00%,90,1,Yes,Low,Master's,Low,9,7,High,Low,Medium,2,Low,73,Pass
John Doe,Male,25,8,83.00%,83,69.00%,59,2,No,Low,Bachelor's,Medium,9,8,Low,Low,Low,1,High,54,Pass
Charlie Brown,Male,21,40,100.00%,76,60.00%,99,2,No,Low,PhD,Low,6,2,High,Low,High,2,Low,44,Fail
Evan Wright,Male,18,29,98.00%,89,76.00%,65,0,No,High,High School,High,5,4,Medium,High,Medium,1,Medium,102,Pass
Charlie Brown,Female,23,9,74.00%,62,50.00%,81,0,Yes,Low,Master's,Low,7,1,Low,Medium,High,4,Low,113,Fail
Evan Wright,Male,23,1,69.00%,75,84.00%,66,3,Yes,High,Bachelor's,High,8,3,Medium,Medium,High,2,Low,31,Fail
Diana Prince,Male,24,3,98.00%,100,70.00%,84,3,No,High,Bachelor's,Medium,9,4,Medium,Low,High,0,Medium,52,Pass
Diana Prince,Male,21,21,63.00%,75,91.00%,74,1,Yes,Low,High School,High,6,2,Medium,Low,Low,0,Medium,99,Fail
George Costanza,Male,21,19,72.00%,98,73.00%,93,0,No,High,PhD,Medium,4,5,Low,Low,High,0,High,102,Fail
John Doe,Male,20,1,81.00%,79,62.00%,80,2,No,Medium,PhD,High,10,5,Medium,Medium,Low,2,Medium,62,Pass
John Doe,Female,18,20,72.00%,67,72.00%,94,1,No,High,High School,Low,7,6,Medium,Medium,Low,5,Medium,26,Pass
Charlie Brown,Female,24,4,92.00%,95,66.00%,79,0,No,Low,Master's,Medium,4,3,High,Medium,Medium,5,Low,63,Fail
Diana Prince,Male,23,20,82.00%,64,89.00%,75,3,Yes,Low,Master's,High,5,3,High,Low,Medium,4,High,86,Fail
George Costanza,Male,21,16,52.00%,99,83.00%,95,0,No,Low,Master's,High,5,8,Low,Medium,Low,0,High,94,Pass
George Costanza,Male,21,32,80.00%,69,72.00%,94,0,No,Low,Bachelor's,Low,9,6,Medium,Low,High,1,Low,90,Fail
Evan Wright,Female,22,38,67.00%,92,59.00%,56,3,No,Low,Bachelor's,Medium,8,8,Low,High,High,0,High,17,Pass
George Costanza,Female,20,30,82.00%,62,93.00%,95,1,No,Medium,Bachelor's,Low,6,2,Medium,Medium,Medium,3,High,49,Pass
John Doe,Female,22,32,94.00%,70,84.00%,83,1,No,Low,Bachelor's,High,7,3,Medium,Low,Low,4,High,51,Pass
Evan Wright,Male,21,32,60.00%,86,67.00%,75,2,No,Medium,High School,Low,4,6,High,Low,High,1,Low,110,Fail
George Costanza,Male,18,30,82.00%,72,78.00%,87,2,No,Low,Master's,High,4,2,High,Medium,High,4,Medium,68,Pass
Diana Prince,Male,19,20,63.00%,80,73.00%,83,1,No,Low,Bachelor's,High,9,4,High,Low,High,5,High,115,Fail
Hannah Abbott,Female,20,5,72.00%,87,52.00%,84,2,No,High,Bachelor's,High,10,7,Low,High,High,5,High,42,Pass
Charlie Brown,Female,21,20,60.00%,81,76.00%,76,1,Yes,Low,Master's,High,10,2,Medium,Medium,High,0,Medium,41,Fail
Diana Prince,Female,25,40,79.00%,74,91.00%,99,2,No,High,High School,Medium,10,6,Low,High,High,2,Low,116,Pass
Fiona Gallagher,Female,20,7,60.00%,79,77.00%,52,2,No,High,High School,High,7,4,Low,Medium,Medium,4,Low,104,Pass
Fiona Gallagher,Male,24,32,68.00%,87,61.00%,74,3,Yes,Medium,PhD,High,9,8,High,Low,Low,0,Low,54,Fail
George Costanza,Male,23,14,89.00%,51,52.00%,60,1,No,Low,High School,Low,4,1,Low,High,Low,1,Medium,46,Fail
Jane Doe,Male,18,23,62.00%,71,60.00%,96,2,No,Low,Bachelor's,Low,8,6,High,Medium,High,3,Medium,11,Fail
Evan Wright,Male,25,18,86.00%,76,70.00%,89,3,No,High,PhD,Medium,10,3,Medium,High,Low,5,High,64,Fail
Jane Doe,Female,20,34,78.00%,59,74.00%,61,3,Yes,High,Bachelor's,High,5,2,Medium,Low,Low,0,Medium,82,Pass
Jane Doe,Female,23,2,82.00%,96,52.00%,71,3,No,Low,Bachelor's,Medium,5,7,High,Low,Medium,2,High,24,Pass
Diana Prince,Male,24,33,87.00%,72,85.00%,80,3,No,Low,Bachelor's,Medium,7,5,Low,Medium,High,4,Low,102,Pass
John Doe,Male,24,0,56.00%,86,59.00%,87,2,Yes,High,Bachelor's,High,4,8,Low,High,High,4,Low,119,Pass
Fiona Gallagher,Male,18,39,59.00%,85,78.00%,77,2,No,Medium,Bachelor's,Low,6,3,Low,Medium,High,2,Medium,106,Pass
John Doe,Female,25,2,95.00%,71,67.00%,94,3,No,Medium,Master's,High,7,2,Low,High,Medium,1,High,113,Pass
Charlie Brown,Male,18,18,54.00%,72,78.00%,80,2,Yes,High,PhD,Low,5,1,Low,Medium,Low,4,High,45,Pass
George Costanza,Male,20,6,99.00%,79,91.00%,74,3,Yes,Medium,Master's,Medium,7,2,Medium,Medium,Medium,0,Medium,117,Fail
Diana Prince,Male,21,35,66.00%,81,68.00%,56,2,No,Low,High School,High,10,4,High,High,Low,4,Low,93,Fail
George Costanza,Male,25,11,72.00%,66,53.00%,70,2,No,High,PhD,Low,8,7,Low,Medium,Low,1,High,14,Fail
Hannah Abbott,Male,18,7,70.00%,89,95.00%,94,1,No,High,PhD,High,9,2,Medium,High,Low,0,Low,20,Pass
Fiona Gallagher,Female,19,30,56.00%,96,63.00%,70,2,Yes,Low,PhD,Medium,10,5,High,Medium,Low,3,Low,51,Fail
Alice Johnson,Female,24,7,86.00%,79,64.00%,51,1,No,Low,Master's,Medium,9,4,Low,High,Medium,4,High,34,Pass
Hannah Abbott,Female,24,10,90.00%,77,90.00%,52,2,No,Low,PhD,Low,7,8,Low,Low,Medium,3,Medium,20,Pass
Evan Wright,Male,22,13,96.00%,80,68.00%,69,2,No,High,Master's,High,4,6,High,High,Low,4,High,50,Fail
Hannah Abbott,Female,25,25,83.00%,54,80.00%,66,1,Yes,High,High School,Medium,6,4,Low,Low,Medium,3,Medium,105,Fail
Jane Doe,Male,19,10,98.00%,98,98.00%,64,3,No,High,Bachelor's,High,10,2,Medium,Low,Low,1,Low,36,Pass
Charlie Brown,Male,22,28,61.00%,74,66.00%,84,1,Yes,High,Master's,Medium,4,7,Medium,Medium,Medium,5,Medium,111,Fail
George Costanza,Female,22,21,95.00%,94,76.00%,94,0,No,Low,PhD,Medium,7,2,High,Low,Low,1,High,39,Fail
Alice Johnson,Male,22,10,74.00%,76,97.00%,72,1,Yes,High,High School,Medium,10,7,High,High,Low,4,High,110,Pass
Evan Wright,Male,18,8,80.00%,60,57.00%,91,2,No,Low,Bachelor's,Medium,6,4,High,High,Medium,1,High,50,Pass
John Doe,Male,21,25,92.00%,64,69.00%,84,0,Yes,Medium,Master's,Low,5,5,Medium,Medium,High,5,Medium,15,Fail
Fiona Gallagher,Male,19,34,94.00%,72,100.00%,50,0,No,Medium,High School,Medium,9,4,Medium,Low,Medium,5,Low,57,Pass
Bob Smith,Female,21,35,73.00%,96,82.00%,52,1,No,High,Bachelor's,Medium,10,5,Low,High,Low,1,Low,40,Fail